"date","unique_date","data_set","user","run","tube","lineage","replicate","rank","time","ramp_rate","ctmax","length"
2022-11-21,"2022_11_21","4_lineages","MCS",1,1,"HH",2,5,52.1333333333333,0.198426573426567,35.5694444444444,0.742
2022-11-21,"2022_11_21","4_lineages","MCS",1,2,"AA",3,8,47.2,0.212412587412575,34.5770833333333,0.779
2022-11-21,"2022_11_21","4_lineages","MCS",1,3,"HA",1,3,53.25,0.194405594405589,35.8125,0.828
2022-11-21,"2022_11_21","4_lineages","MCS",1,4,"AH",1,10,43.8833333333333,0.207867132867118,33.8888888888889,0.838
2022-11-21,"2022_11_21","4_lineages","MCS",1,5,"AA",3,7,49.4,0.198251748251739,35.0182291666667,0.764
2022-11-21,"2022_11_21","4_lineages","MCS",1,6,"AH",1,9,46.2666666666667,0.210839160839146,34.3882575757576,0.84
2022-11-21,"2022_11_21","4_lineages","MCS",1,7,"HA",1,2,53.65,0.194405594405589,35.8854166666667,0.879
2022-11-21,"2022_11_21","4_lineages","MCS",1,8,"HH",2,1,53.7333333333333,0.194405594405589,35.8958333333333,0.779
2022-11-21,"2022_11_21","4_lineages","MCS",1,9,"AH",1,6,50.15,0.20402097902097,35.1666666666667,0.695
2022-11-21,"2022_11_21","4_lineages","MCS",1,10,"HH",2,4,52.85,0.198426573426567,35.7166666666667,0.752
2022-11-28,"2022_11_28","4_lineages","MCS",2,1,"HH",3,1,63.0166666666667,0.185139860139856,35.8333333333333,0.8
2022-11-28,"2022_11_28","4_lineages","MCS",2,2,"AH",3,7,55.9166666666667,0.205769230769226,34.4351851851852,0.738
2022-11-28,"2022_11_28","4_lineages","MCS",2,3,"HA",3,4,61.7,0.192832167832162,35.5625,0.771
2022-11-28,"2022_11_28","4_lineages","MCS",2,4,"HH",3,2,62.4,0.19510489510489,35.7152777777778,0.844
2022-11-28,"2022_11_28","4_lineages","MCS",2,5,"AA",3,9,51.0166666666667,0.194230769230753,33.4640151515151,0.778
2022-11-28,"2022_11_28","4_lineages","MCS",2,6,"HH",3,3,61.95,0.192832167832162,35.6111111111111,0.767
2022-11-28,"2022_11_28","4_lineages","MCS",2,7,"AA",3,6,56.7166666666667,0.202972027972026,34.5982142857143,0.774
2022-11-28,"2022_11_28","4_lineages","MCS",2,8,"AA",3,10,50.3,0.199825174825159,33.3107638888889,0.828
2022-11-28,"2022_11_28","4_lineages","MCS",2,9,"HA",3,5,59.15,0.19300699300699,35.0763888888889,0.84
2022-11-28,"2022_11_28","4_lineages","MCS",2,10,"AA",3,8,54.4666666666667,0.20367132867132,34.1458333333333,0.786
2022-12-09,"2022_12_09","4_lineages","RAB",3,1,"AH",2,7,63.65,0.175699300699284,35.0092592592593,0.741
2022-12-09,"2022_12_09","4_lineages","RAB",3,2,"HA",2,8,61.3666666666667,0.184440559440546,34.5949074074074,0.75
2022-12-09,"2022_12_09","4_lineages","RAB",3,3,"AH",2,6,65.4,0.172727272727258,35.3392857142857,0.763
2022-12-09,"2022_12_09","4_lineages","RAB",3,4,"HH",3,2,70.8666666666667,0.185139860139852,36.3194444444444,0.732
2022-12-09,"2022_12_09","4_lineages","RAB",3,5,"HA",2,10,49.85,0.211363636363632,32.3454861111111,0.742
2022-12-09,"2022_12_09","4_lineages","RAB",3,6,"HA",2,5,66.4166666666667,0.171153846153831,35.5277777777778,0.805
2022-12-09,"2022_12_09","4_lineages","RAB",3,7,"HA",2,1,74.4833333333333,0.168006993006987,36.9166666666667,0.795
2022-12-09,"2022_12_09","4_lineages","RAB",3,8,"AA",3,9,58.5666666666667,0.187587412587404,34.0909090909091,0.849
2022-12-09,"2022_12_09","4_lineages","RAB",3,9,"AH",2,4,67.7333333333333,0.180594405594393,35.7708333333333,0.744
2022-12-09,"2022_12_09","4_lineages","RAB",3,10,"HA",2,3,70.45,0.185139860139852,36.2569444444444,0.762
2022-12-13,"2022_12_13","4_lineages","RAB",4,1,"AA",1,6,59.2166666666667,0.205244755244742,35.2202380952381,0.737
2022-12-13,"2022_12_13","4_lineages","RAB",4,2,"AH",3,9,52.5833333333333,0.212762237762227,33.8958333333333,0.747
2022-12-13,"2022_12_13","4_lineages","RAB",4,3,"HA",4,4,63.05,0.191258741258732,35.9270833333333,0.713
2022-12-13,"2022_12_13","4_lineages","RAB",4,4,"HH",4,1,70.8666666666667,0.165734265734258,37.25,0.684
2022-12-13,"2022_12_13","4_lineages","RAB",4,5,"HA",4,2,70.7666666666667,0.165734265734258,37.2361111111111,0.692
2022-12-13,"2022_12_13","4_lineages","RAB",4,6,"HA",4,5,61.4666666666667,0.203321678321668,35.6458333333333,0.742
2022-12-13,"2022_12_13","4_lineages","RAB",4,7,"AA",1,10,38.5333333333333,0.228671328671316,30.90625,0.745
2022-12-13,"2022_12_13","4_lineages","RAB",4,8,"AA",1,7,57.5,0.206993006992995,34.875,0.773
2022-12-13,"2022_12_13","4_lineages","RAB",4,9,"HA",4,3,66.7833333333333,0.174475524475518,36.5694444444444,0.612
2022-12-13,"2022_12_13","4_lineages","RAB",4,10,"AA",1,8,54.6,0.218531468531459,34.3125,0.805
2023-01-12,"2023_01_12","4_lineages","RAB",5,1,"HA",4,3,63.2333333333333,0.172727272727263,36.2708333333333,0.705
2023-01-12,"2023_01_12","4_lineages","RAB",5,2,"AA",4,7,57.5666666666667,0.197552447552437,35.234375,0.791
2023-01-12,"2023_01_12","4_lineages","RAB",5,3,"AA",4,8,55.4666666666667,0.201398601398591,34.8171296296296,0.769
2023-01-12,"2023_01_12","4_lineages","RAB",5,4,"HA",4,1,66.9,0.176573426573415,36.9166666666667,0.71
2023-01-12,"2023_01_12","4_lineages","RAB",5,5,"AH",4,4,60.9166666666667,0.177622377622367,35.875,0.78
2023-01-12,"2023_01_12","4_lineages","RAB",5,6,"HH",1,9,54.5333333333333,0.196503496503486,34.6079545454545,0.745
2023-01-12,"2023_01_12","4_lineages","RAB",5,7,"AH",4,5,59.75,0.18444055944055,35.6736111111111,0.759
2023-01-12,"2023_01_12","4_lineages","RAB",5,8,"HH",1,2,64.2,0.188461538461529,36.4375,0.735
2023-01-12,"2023_01_12","4_lineages","RAB",5,9,"HH",1,6,58.3833333333333,0.197377622377612,35.3988095238095,0.673
2023-01-12,"2023_01_12","4_lineages","RAB",5,10,"AH",4,10,53.3666666666667,0.197727272727264,34.3645833333333,0.782
2023-01-25,"2023_01_25","4_lineages","RAB",6,1,"HA",2,2,65.5666666666667,0.17674825174824,35.5729166666667,0.706
2023-01-25,"2023_01_25","4_lineages","RAB",6,2,"AH",1,10,46.1833333333333,0.22080419580419,31.8420138888889,0.791
2023-01-25,"2023_01_25","4_lineages","RAB",6,3,"HH",3,5,62.2833333333333,0.182342657342647,34.9722222222222,0.79
2023-01-25,"2023_01_25","4_lineages","RAB",6,4,"AH",1,9,54.5666666666667,0.199475524475518,33.5265151515151,0.72
2023-01-25,"2023_01_25","4_lineages","RAB",6,5,"HH",3,4,64.45,0.17360139860139,35.3541666666667,0.755
2023-01-25,"2023_01_25","4_lineages","RAB",6,6,"HA",2,3,64.8666666666667,0.17360139860139,35.4375,0.732
2023-01-25,"2023_01_25","4_lineages","RAB",6,7,"AA",2,7,60.65,0.176573426573417,34.650462962963,0.76
2023-01-25,"2023_01_25","4_lineages","RAB",6,8,"HH",3,8,59.7666666666667,0.185314685314678,34.4953703703704,0.724
2023-01-25,"2023_01_25","4_lineages","RAB",6,9,"HA",2,1,66.1166666666667,0.165384615384606,35.6770833333333,0.667
2023-01-25,"2023_01_25","4_lineages","RAB",6,10,"AA",2,6,61.15,0.18006993006992,34.75,0.775
2023-01-27,"2023_01_27","4_lineages","RAB",7,1,"HH",1,3,67.8833333333333,0.182692307692305,35.984375,0.808
2023-01-27,"2023_01_27","4_lineages","RAB",7,2,"HH",1,6,63.3,0.186538461538458,35.0952380952381,0.695
2023-01-27,"2023_01_27","4_lineages","RAB",7,3,"HH",1,1,69.45,0.188321678321679,36.25,0.724
2023-01-27,"2023_01_27","4_lineages","RAB",7,4,"AH",1,9,55.4666666666667,0.213286713286696,33.5246212121212,0.896
2023-01-27,"2023_01_27","4_lineages","RAB",7,5,"HA",4,5,65.3666666666667,0.187237762237758,35.5034722222222,0.764
2023-01-27,"2023_01_27","4_lineages","RAB",7,6,"AH",1,10,49.75,0.214510489510476,32.3645833333333,0.839
2023-01-27,"2023_01_27","4_lineages","RAB",7,7,"HH",1,4,66.9666666666667,0.18531468531468,35.8041666666667,0.719
2023-01-27,"2023_01_27","4_lineages","RAB",7,8,"AH",1,8,57.1833333333333,0.206468531468517,33.875,0.863
2023-01-27,"2023_01_27","4_lineages","RAB",7,9,"AA",1,2,68.7,0.191083916083913,36.1180555555556,0.769
2023-01-27,"2023_01_27","4_lineages","RAB",7,10,"HH",2,7,61.7833333333333,0.196503496503493,34.7939814814815,0.768
2023-02-03,"2023_02_03","4_lineages","RAB",8,1,"AH",2,4,61.0666666666667,0.193881118881115,34.3958333333333,0.766
2023-02-03,"2023_02_03","4_lineages","RAB",8,2,"AA",1,6,58.5166666666667,0.184615384615378,33.9192708333333,0.775
2023-02-03,"2023_02_03","4_lineages","RAB",8,3,"HA",4,2,65.5833333333333,0.188286713286707,35.25,0.815
2023-02-03,"2023_02_03","4_lineages","RAB",8,4,"HH",4,3,63.7166666666667,0.179545454545451,34.8645833333333,0.788
2023-02-03,"2023_02_03","4_lineages","RAB",8,5,"HA",4,1,67.75,0.17849650349649,35.6041666666667,0.796
2023-02-03,"2023_02_03","4_lineages","RAB",8,6,"AH",2,9,52.9666666666667,0.203846153846147,32.8257575757576,0.832
2023-02-03,"2023_02_03","4_lineages","RAB",8,7,"HA",4,10,51.9833333333333,0.200174825174818,32.6059027777778,0.794
2023-02-03,"2023_02_03","4_lineages","RAB",8,8,"AH",2,5,59.2,0.193706293706288,34.0520833333333,0.78
2023-02-03,"2023_02_03","4_lineages","RAB",8,9,"AH",2,7,57.7333333333333,0.184090909090904,33.7395833333333,0.751
2023-02-03,"2023_02_03","4_lineages","RAB",8,10,"AH",2,8,55.7833333333333,0.194230769230764,33.3729166666667,0.84
2023-04-07,"2023_04_07","AM-OA","RAB",1,1,"AA-AH",4,4,52.6166666666667,0.19632867132866,34.775,NA
2023-04-07,"2023_04_07","AM-OA","RAB",1,2,"AA-AA",2,7,47.25,0.216433566433554,33.6759259259259,NA
2023-04-07,"2023_04_07","AM-OA","RAB",1,3,"AH-AH",2,8,27.35,0.215909090909078,29.3375,NA
2023-04-07,"2023_04_07","AM-OA","RAB",1,4,"AH-AA",2,1,54.6833333333333,0.197237762237755,35.25,NA
2023-04-07,"2023_04_07","AM-OA","RAB",1,5,"AA-AH",4,5,50.5166666666667,0.200699300699291,34.3611111111111,NA
2023-04-07,"2023_04_07","AM-OA","RAB",1,7,"AA-AA",2,6,48.9333333333333,0.205944055944045,34.0357142857143,NA
2023-04-07,"2023_04_07","AM-OA","RAB",1,8,"AH-AH",2,2,54.0166666666667,0.197237762237755,35.1041666666667,NA
2023-04-07,"2023_04_07","AM-OA","RAB",1,10,"AH-AA",2,3,53.4833333333333,0.201573426573416,34.984375,NA
2023-04-08,"2023_04_08","AM-OA","RAB",2,1,"AH-AH",3,4,53.7,0.209790209790197,34.6375,NA
2023-04-08,"2023_04_08","AM-OA","RAB",2,2,"AH-AA",3,5,53.2166666666667,0.209790209790197,34.53125,NA
2023-04-08,"2023_04_08","AM-OA","RAB",2,4,"AH-AA",3,1,55.5666666666667,0.207167832167823,35.0833333333333,NA
2023-04-08,"2023_04_08","AM-OA","RAB",2,5,"AA-AH",2,6,52.3333333333333,0.209440559440545,34.3452380952381,NA
2023-04-08,"2023_04_08","AM-OA","RAB",2,6,"AH-AA",3,2,55,0.21131993006992,34.9375,NA
2023-04-08,"2023_04_08","AM-OA","RAB",2,7,"AH-AH",3,7,51.6333333333333,0.207167832167819,34.1875,NA
2023-04-08,"2023_04_08","AM-OA","RAB",2,8,"AA-AA",1,9,49.9833333333333,0.205594405594392,33.8390151515151,NA
2023-04-08,"2023_04_08","AM-OA","RAB",2,9,"AA-AH",2,8,51.15,0.207167832167819,34.09375,NA
2023-04-08,"2023_04_08","AM-OA","RAB",2,10,"AH-AH",3,3,54.15,0.21555944055943,34.7604166666667,NA
2023-04-09,"2023_04_09","AM-OA","RAB",3,1,"AA-AA",2,7,50.6833333333333,0.208391608391593,34.5989583333333,NA
2023-04-09,"2023_04_09","AM-OA","RAB",3,2,"AA-AA",2,2,54.7666666666667,0.199825174825164,35.4583333333333,NA
2023-04-09,"2023_04_09","AM-OA","RAB",3,3,"AH-AA",2,5,52.2333333333333,0.209265734265721,34.9166666666667,NA
2023-04-09,"2023_04_09","AM-OA","RAB",3,4,"AA-AH",3,3,54.2833333333333,0.199825174825164,35.3472222222222,NA
2023-04-09,"2023_04_09","AM-OA","RAB",3,6,"AH-AH",2,6,51.55,0.206993006992993,34.7619047619048,NA
2023-04-09,"2023_04_09","AM-OA","RAB",3,8,"AH-AA",2,1,55.15,0.204213286713279,35.53125,NA
2023-04-09,"2023_04_09","AM-OA","RAB",3,9,"AH-AA",2,4,53.2166666666667,0.199825174825161,35.1354166666667,NA
2023-04-09,"2023_04_09","AM-OA","RAB",3,10,"AA-AA",2,8,49.5333333333333,0.206468531468515,34.3449074074074,NA
2023-04-10,"2023_04_10","AM-OA","RAB",4,1,"AA-AH",4,2,54.5333333333333,0.213076923076915,35.375,NA
2023-04-10,"2023_04_10","AM-OA","RAB",4,2,"AA-AH",4,5,51.2833333333333,0.219230769230757,34.6597222222222,NA
2023-04-10,"2023_04_10","AM-OA","RAB",4,3,"AH-AH",4,3,54.0833333333333,0.213076923076915,35.2708333333333,NA
2023-04-10,"2023_04_10","AM-OA","RAB",4,4,"AA-AA",1,8,48.9666666666667,0.214160839160825,34.1481481481481,NA
2023-04-10,"2023_04_10","AM-OA","RAB",4,5,"AH-AH",4,4,53.05,0.221678321678311,35.0364583333333,NA
2023-04-10,"2023_04_10","AM-OA","RAB",4,6,"AH-AA",4,1,54.9666666666667,0.213076923076915,35.4791666666667,NA
2023-04-10,"2023_04_10","AM-OA","RAB",4,8,"AA-AA",1,9,48.05,0.214160839160825,33.9520833333333,NA
2023-04-10,"2023_04_10","AM-OA","RAB",4,9,"AH-AH",4,7,50.2,0.216783216783202,34.4270833333333,NA
2023-04-10,"2023_04_10","AM-OA","RAB",4,10,"AA-AA",1,6,50.6,0.216783216783202,34.5148809523809,NA
2023-04-12,"2023_04_12","AM-OA","RAB",5,1,"AH-AH",3,3,51.9666666666667,0.202622377622364,35.0902777777778,NA
2023-04-12,"2023_04_12","AM-OA","RAB",5,2,"AA-AH",2,9,48.5333333333333,0.214685314685302,34.3295454545455,NA
2023-04-12,"2023_04_12","AM-OA","RAB",5,3,"AA-AA",3,1,54.6,0.206013986013979,35.625,NA
2023-04-12,"2023_04_12","AM-OA","RAB",5,4,"AA-AA",3,4,51.2333333333333,0.202622377622364,34.9416666666667,NA
2023-04-12,"2023_04_12","AM-OA","RAB",5,5,"AH-AH",3,5,50.7,0.210839160839148,34.8020833333333,NA
2023-04-12,"2023_04_12","AM-OA","RAB",5,6,"AA-AA",3,6,50.3333333333333,0.210839160839148,34.7232142857143,NA
2023-04-12,"2023_04_12","AM-OA","RAB",5,7,"AA-AH",2,10,47.2833333333333,0.213811188811175,34.0590277777778,NA
2023-04-12,"2023_04_12","AM-OA","RAB",5,8,"AH-AA",1,7,49.8166666666667,0.204370629370616,34.6064814814815,NA
2023-04-12,"2023_04_12","AM-OA","RAB",5,9,"AA-AH",2,8,49.1333333333333,0.204370629370616,34.4675925925926,NA
2023-04-12,"2023_04_12","AM-OA","RAB",5,10,"AH-AA",3,2,52.6333333333333,0.19807692307691,35.2083333333333,NA
2023-04-13,"2023_04_13","AM-OA","RAB",6,1,"AA-AH",4,1,57.9666666666667,0.206818181818176,35.6875,NA
2023-04-13,"2023_04_13","AM-OA","RAB",6,2,"AH-AH",4,4,55.8166666666667,0.206293706293699,35.1833333333333,NA
2023-04-13,"2023_04_13","AM-OA","RAB",6,3,"AH-AA",3,8,52.2,0.212762237762225,34.3796296296296,NA
2023-04-13,"2023_04_13","AM-OA","RAB",6,4,"AA-AA",1,5,55.3666666666667,0.206293706293699,35.0798611111111,NA
2023-04-13,"2023_04_13","AM-OA","RAB",6,5,"AA-AA",1,2,57.3,0.206818181818176,35.5104166666667,NA
2023-04-13,"2023_04_13","AM-OA","RAB",6,7,"AA-AA",1,6,54.6,0.210839160839151,34.9107142857143,NA
2023-04-13,"2023_04_13","AM-OA","RAB",6,8,"AH-AA",3,3,56.8,0.200349650349646,35.4097222222222,NA
2023-04-13,"2023_04_13","AM-OA","RAB",6,10,"AA-AH",1,7,53.8166666666667,0.213811188811178,34.7268518518519,NA
2023-07-05,"2023_07_05","AM-OW","RAB",1,1,"AA-HA",1,7,66.9666666666667,0.161622857142847,35.2839166666667,NA
2023-07-05,"2023_07_05","AM-OW","RAB",1,2,"HA-HA",1,4,69.4,0.140274285714276,35.6771111111111,NA
2023-07-05,"2023_07_05","AM-OW","RAB",1,4,"HA-HA",1,2,72.9333333333333,0.124719999999992,36.094,NA
2023-07-05,"2023_07_05","AM-OW","RAB",1,5,"HA-HA",1,1,77.2333333333333,-0.790457142857102,NA,NA
2023-07-05,"2023_07_05","AM-OW","RAB",1,6,"HA-HA",1,5,68.4166666666667,0.148422857142848,35.5201111111111,NA
2023-07-05,"2023_07_05","AM-OW","RAB",1,7,"AA-HA",1,8,65.65,0.168902857142848,35.1068,NA
2023-07-05,"2023_07_05","AM-OW","RAB",1,8,"AA-HA",1,9,64.85,0.173234285714277,34.9724,NA
2023-07-05,"2023_07_05","AM-OW","RAB",1,9,"HA-HA",1,3,70.5,0.131622857142847,35.8046666666667,NA
2023-07-05,"2023_07_05","AM-OW","RAB",1,10,"AA-HA",1,6,67.9166666666667,0.155497142857134,35.4264166666667,NA
2023-07-06,"2023_07_06","AM-OW","RAB",2,1,"HA-HA",3,5,68.8,0.17478857142856,35.7438888888889,NA
2023-07-06,"2023_07_06","AM-OW","RAB",2,2,"HA-HA",3,1,71.8333333333333,0.171897142857137,36.2916666666667,NA
2023-07-06,"2023_07_06","AM-OW","RAB",2,3,"AA-HA",3,8,65.75,0.17545142857142,35.1958666666667,NA
2023-07-06,"2023_07_06","AM-OW","RAB",2,4,"AA-HA",3,7,66.8166666666667,0.176514285714277,35.3835,NA
2023-07-06,"2023_07_06","AM-OW","RAB",2,5,"HA-HA",3,9,65.1666666666667,0.17545142857142,35.0756,NA
2023-07-06,"2023_07_06","AM-OW","RAB",2,6,"AA-HA",3,6,68.3166666666667,0.17478857142856,35.64525,NA
2023-07-06,"2023_07_06","AM-OW","RAB",2,7,"HA-HA",3,4,69.65,0.175542857142849,35.9023333333333,NA
2023-07-06,"2023_07_06","AM-OW","RAB",2,8,"AA-HA",3,3,70.4666666666667,0.173771428571422,36.0441666666667,NA
2023-07-06,"2023_07_06","AM-OW","RAB",2,9,"AA-HA",3,2,71.35,0.171897142857137,36.2056666666667,NA
2023-07-06,"2023_07_06","AM-OW","RAB",2,10,"HA-HA",3,10,64.1166666666667,0.175565714285708,34.8857777777778,NA
2023-07-07,"2023_07_07_B","AM-OW","RAB",3,1,"AA-HA",2,2,65.0166666666667,0.196914285714281,36.0183333333333,NA
2023-07-07,"2023_07_07_B","AM-OW","RAB",3,2,"HA-HA",2,10,59.0333333333333,0.204342857142848,34.7331111111111,NA
2023-07-07,"2023_07_07_B","AM-OW","RAB",3,3,"HA-HA",2,3,64.5333333333333,0.196765714285708,35.9025,NA
2023-07-07,"2023_07_07_B","AM-OW","RAB",3,4,"HA-HA",2,5,64.0833333333333,0.196765714285708,35.7856666666667,NA
2023-07-07,"2023_07_07_B","AM-OW","RAB",3,5,"AA-HA",2,8,62.05,0.200068571428563,35.3563333333333,NA
2023-07-07,"2023_07_07_B","AM-OW","RAB",3,6,"AA-HA",2,6,63.6833333333333,0.197588571428564,35.707,NA
2023-07-07,"2023_07_07_B","AM-OW","RAB",3,7,"HA-HA",2,9,61.2666666666667,0.200045714285704,35.1916666666667,NA
2023-07-07,"2023_07_07_B","AM-OW","RAB",3,8,"AA-HA",2,1,65.85,0.196914285714281,36.185,NA
2023-07-07,"2023_07_07_B","AM-OW","RAB",3,9,"HA-HA",2,4,64.4666666666667,0.196765714285708,35.8855555555556,NA
2023-07-07,"2023_07_07_B","AM-OW","RAB",3,10,"AA-HA",2,7,62.9833333333333,0.200068571428563,35.5595333333333,NA
2023-07-07,"2023_07_07","AM-OW","RAB",4,1,"HA-HA",4,9,70.4333333333333,0.169771428571422,34.4546666666667,NA
2023-07-07,"2023_07_07","AM-OW","RAB",4,2,"HA-HA",4,8,71.0666666666667,0.169988571428565,34.5688,NA
2023-07-07,"2023_07_07","AM-OW","RAB",4,3,"HA-HA",4,2,76.6333333333333,0.165474285714278,35.5676666666667,NA
2023-07-07,"2023_07_07","AM-OW","RAB",4,4,"AA-HA",4,10,67.65,0.173874285714276,33.961,NA
2023-07-07,"2023_07_07","AM-OW","RAB",4,5,"HA-HA",4,1,78,0.169428571428565,35.7831111111111,NA
2023-07-07,"2023_07_07","AM-OW","RAB",4,6,"AA-HA",4,4,73.6666666666667,0.168457142857134,35.0418333333333,NA
2023-07-07,"2023_07_07","AM-OW","RAB",4,7,"AA-HA",4,3,75.5166666666667,0.167371428571419,35.3725,NA
2023-07-07,"2023_07_07","AM-OW","RAB",4,8,"AA-HA",4,5,73.05,0.168457142857134,34.9472222222222,NA
2023-07-07,"2023_07_07","AM-OW","RAB",4,9,"AA-HA",4,7,71.5666666666667,0.169988571428565,34.6849166666667,NA
2023-07-07,"2023_07_07","AM-OW","RAB",4,10,"AA-HA",4,6,72.6,0.16747428571428,34.8515,NA
2023-08-01,"2023_08_01_B","AM-OW","RAB",5,1,"AA-AA",3,7,63.9833333333333,0.207531428571421,35.4915833333333,NA
2023-08-01,"2023_08_01_B","AM-OW","RAB",5,2,"HA-AA",4,4,65.8666666666667,0.20362285714285,35.8841666666667,NA
2023-08-01,"2023_08_01_B","AM-OW","RAB",5,3,"AA-AA",3,8,63.3666666666667,0.207531428571421,35.3535,NA
2023-08-01,"2023_08_01_B","AM-OW","RAB",5,4,"AA-AA",3,1,67.4833333333333,0.196628571428561,36.242,NA
2023-08-01,"2023_08_01_B","AM-OW","RAB",5,5,"AA-AA",3,10,52.5,0.220399999999993,32.9922222222222,NA
2023-08-01,"2023_08_01_B","AM-OW","RAB",5,6,"HA-AA",4,5,65.3333333333333,0.20362285714285,35.7717777777778,NA
2023-08-01,"2023_08_01_B","AM-OW","RAB",5,7,"HA-AA",4,2,66.8,0.201691428571421,36.1043333333333,NA
2023-08-01,"2023_08_01_B","AM-OW","RAB",5,8,"HA-AA",4,6,64.8666666666667,0.208182857142849,35.6675555555556,NA
2023-08-01,"2023_08_01_B","AM-OW","RAB",5,9,"HA-AA",4,3,66.5,0.201691428571421,36.022,NA
2023-08-01,"2023_08_01_B","AM-OW","RAB",5,10,"AA-AA",3,9,62.0166666666667,0.208388571428565,35.0599333333333,NA
2023-08-01,"2023_08_01","AM-OW","RAB",6,1,"AA-AA",2,2,69.5166666666667,0.203862857142851,35.9568333333333,NA
2023-08-01,"2023_08_01","AM-OW","RAB",6,2,"HA-AA",1,4,68.4833333333333,0.207371428571421,35.7215,NA
2023-08-01,"2023_08_01","AM-OW","RAB",6,3,"HA-AA",1,6,66.1166666666667,0.210605714285708,35.2223333333333,NA
2023-08-01,"2023_08_01","AM-OW","RAB",6,4,"AA-AA",2,8,64.6666666666667,0.209657142857138,34.892,NA
2023-08-01,"2023_08_01","AM-OW","RAB",6,5,"HA-AA",1,9,64.4,0.209657142857138,34.8396,NA
2023-08-01,"2023_08_01","AM-OW","RAB",6,6,"HA-AA",1,3,69.05,0.203862857142851,35.857,NA
2023-08-01,"2023_08_01","AM-OW","RAB",6,7,"AA-AA",2,5,67.1,0.210388571428563,35.4305555555556,NA
2023-08-01,"2023_08_01","AM-OW","RAB",6,8,"HA-AA",1,1,69.7666666666667,0.203862857142851,36.0003333333333,NA
2023-08-01,"2023_08_01","AM-OW","RAB",6,9,"AA-AA",2,10,63.7,0.207451428571421,34.6797222222222,NA
2023-08-01,"2023_08_01","AM-OW","RAB",6,10,"AA-AA",2,7,65.3333333333333,0.211005714285709,35.0305833333333,NA
2023-08-02,"2023_08_02_B","AM-OW","RAB",7,1,"HA-AA",2,8,60.6833333333333,0.220628571428562,35.9291333333333,NA
2023-08-02,"2023_08_02_B","AM-OW","RAB",7,2,"AA-AA",1,10,56.3333333333333,0.232079999999993,34.9506111111111,NA
2023-08-02,"2023_08_02_B","AM-OW","RAB",7,3,"AA-AA",1,4,62.3666666666667,0.215851428571419,36.3386666666667,NA
2023-08-02,"2023_08_02_B","AM-OW","RAB",7,4,"HA-AA",2,1,63.2333333333333,0.212205714285704,36.5703333333333,NA
2023-08-02,"2023_08_02_B","AM-OW","RAB",7,5,"AA-AA",1,5,61.95,0.218719999999989,36.2466666666667,NA
2023-08-02,"2023_08_02_B","AM-OW","RAB",7,6,"HA-AA",2,6,61.65,0.218719999999989,36.1575833333333,NA
2023-08-02,"2023_08_02_B","AM-OW","RAB",7,7,"HA-AA",2,2,62.8333333333333,0.215851428571419,36.461,NA
2023-08-02,"2023_08_02_B","AM-OW","RAB",7,8,"AA-AA",1,7,61.35,0.218719999999989,36.088,NA
2023-08-02,"2023_08_02_B","AM-OW","RAB",7,9,"HA-AA",2,3,62.6333333333333,0.215851428571419,36.4075,NA
2023-08-02,"2023_08_02_B","AM-OW","RAB",7,10,"AA-AA",1,9,57.8333333333333,0.227999999999993,35.3063333333333,NA
2023-08-02,"2023_08_02","AM-OW","RAB",8,1,"AA-AA",4,10,58.4666666666667,0.218319999999992,33.954,NA
2023-08-02,"2023_08_02","AM-OW","RAB",8,2,"HA-AA",3,5,66.1333333333333,0.20249142857142,35.5685555555556,NA
2023-08-02,"2023_08_02","AM-OW","RAB",8,3,"AA-AA",4,7,62.5166666666667,0.204834285714281,34.8054166666667,NA
2023-08-02,"2023_08_02","AM-OW","RAB",8,4,"AA-AA",4,8,60.5666666666667,0.210377142857136,34.4198666666667,NA
2023-08-02,"2023_08_02","AM-OW","RAB",8,5,"AA-AA",4,6,65.25,0.203657142857136,35.3808333333333,NA
2023-08-02,"2023_08_02","AM-OW","RAB",8,6,"HA-AA",3,1,70.0166666666667,0.197114285714279,36.3775,NA
2023-08-02,"2023_08_02","AM-OW","RAB",8,7,"AA-AA",4,9,59.7833333333333,0.215279999999994,34.25,NA
2023-08-02,"2023_08_02","AM-OW","RAB",8,8,"HA-AA",4,2,69.7166666666667,0.199771428571423,36.3113333333333,NA
2023-08-02,"2023_08_02","AM-OW","RAB",8,9,"HA-AA",4,3,69.3333333333333,0.199771428571423,36.2095,NA
2023-08-02,"2023_08_02","AM-OW","RAB",8,10,"HA-AA",4,4,69.1833333333333,0.199771428571423,36.1771666666667,NA
2023-09-01,"2023_09_01_B","OW-OWA","RAB",1,1,"HA-HA",1,5,69.6,0.191782857142845,35.8428888888889,NA
2023-09-01,"2023_09_01_B","OW-OWA","RAB",1,2,"HA-HA",1,2,71.35,0.193428571428559,36.177,NA
2023-09-01,"2023_09_01_B","OW-OWA","RAB",1,3,"HH-HA",4,9,65.7166666666667,0.19841142857142,35.0474,NA
2023-09-01,"2023_09_01_B","OW-OWA","RAB",1,4,"HA-HA",1,6,68.4,0.194182857142845,35.5945555555556,NA
2023-09-01,"2023_09_01_B","OW-OWA","RAB",1,5,"HH-HA",4,3,70.8333333333333,0.188331428571417,36.0743333333333,NA
2023-09-01,"2023_09_01_B","OW-OWA","RAB",1,6,"HH-HA",4,8,67.0666666666667,0.196114285714274,35.3190833333333,NA
2023-09-01,"2023_09_01_B","OW-OWA","RAB",1,7,"HA-HA",1,3,70.8333333333333,0.188331428571417,36.0743333333333,NA
2023-09-01,"2023_09_01_B","OW-OWA","RAB",1,8,"HH-HA",4,7,67.9333333333333,0.196114285714274,35.4969333333333,NA
2023-09-01,"2023_09_01_B","OW-OWA","RAB",1,9,"HH-HA",4,1,72.7666666666667,0.190091428571421,36.4663333333333,NA
2023-09-01,"2023_09_01_B","OW-OWA","RAB",1,10,"HA-HA",1,4,69.9666666666667,0.191782857142845,35.9054444444444,NA
2023-09-01,"2023_09_01","OW-OWA","RAB",2,1,"HA-HA",3,9,67.9833333333333,0.186251428571419,35.7578888888889,NA
2023-09-01,"2023_09_01","OW-OWA","RAB",2,2,"HA-HA",3,3,70.7333333333333,0.182948571428562,36.3023333333333,NA
2023-09-01,"2023_09_01","OW-OWA","RAB",2,3,"HH-HA",2,4,70.2333333333333,0.182948571428562,36.2148333333333,NA
2023-09-01,"2023_09_01","OW-OWA","RAB",2,4,"HA-HA",3,5,69.8666666666667,0.18415999999999,36.1423333333333,NA
2023-09-01,"2023_09_01","OW-OWA","RAB",2,5,"HH-HA",2,6,69.45,0.18415999999999,36.053,NA
2023-09-01,"2023_09_01","OW-OWA","RAB",2,6,"HH-HA",2,1,71.3833333333333,0.179485714285705,36.435,NA
2023-09-01,"2023_09_01","OW-OWA","RAB",2,7,"HA-HA",3,7,68.9833333333333,0.186948571428561,35.9604,NA
2023-09-01,"2023_09_01","OW-OWA","RAB",2,8,"HH-HA",2,10,66,0.187442857142849,35.3807222222222,NA
2023-09-01,"2023_09_01","OW-OWA","RAB",2,9,"HH-HA",2,2,71.0333333333333,0.179485714285705,36.375,NA
2023-09-01,"2023_09_01","OW-OWA","RAB",2,10,"HA-HA",3,8,68.3666666666667,0.186948571428561,35.836,NA
2023-09-03,"2023_09_03_B","OW-OWA","RAB",3,1,"HH-HA",3,6,65.4666666666667,0.197268571428561,35.6588888888889,NA
2023-09-03,"2023_09_03_B","OW-OWA","RAB",3,2,"HH-HA",3,8,63.75,0.201748571428561,35.2969333333333,NA
2023-09-03,"2023_09_03_B","OW-OWA","RAB",3,3,"HA-HA",4,2,66.6333333333333,0.192537142857134,35.8983333333333,NA
2023-09-03,"2023_09_03_B","OW-OWA","RAB",3,4,"HA-HA",4,7,64.9666666666667,0.200011428571417,35.5449166666667,NA
2023-09-03,"2023_09_03_B","OW-OWA","RAB",3,5,"HA-HA",4,3,66.3833333333333,0.192537142857134,35.8543333333333,NA
2023-09-03,"2023_09_03_B","OW-OWA","RAB",3,6,"HH-HA",3,9,62.9666666666667,0.202914285714275,35.1308,NA
2023-09-03,"2023_09_03_B","OW-OWA","RAB",3,7,"HA-HA",4,1,66.9166666666667,0.192537142857134,35.9613333333333,NA
2023-09-03,"2023_09_03_B","OW-OWA","RAB",3,8,"HA-HA",4,4,66.2,0.192537142857134,35.7995,NA
2023-09-03,"2023_09_03_B","OW-OWA","RAB",3,9,"HH-HA",3,1,66.9166666666667,0.192537142857134,35.9613333333333,NA
2023-09-03,"2023_09_03_B","OW-OWA","RAB",3,10,"HH-HA",3,5,65.8333333333333,0.197268571428561,35.7196666666667,NA
2023-09-03,"2023_09_03","OW-OWA","RAB",4,1,"HA-HA",2,9,59.2666666666667,0.203234285714278,34.8193333333333,NA
2023-09-03,"2023_09_03","OW-OWA","RAB",4,2,"HH-HA",1,2,69.2,0.190902857142847,36.7993333333333,NA
2023-09-03,"2023_09_03","OW-OWA","RAB",4,3,"HA-HA",2,8,60.7166666666667,0.200788571428567,35.1146,NA
2023-09-03,"2023_09_03","OW-OWA","RAB",4,4,"HA-HA",2,5,63.15,0.195028571428563,35.5972222222222,NA
2023-09-03,"2023_09_03","OW-OWA","RAB",4,5,"HH-HA",1,6,62.7666666666667,0.195668571428562,35.51825,NA
2023-09-03,"2023_09_03","OW-OWA","RAB",4,6,"HA-HA",2,1,69.4166666666667,0.190902857142847,36.8486666666667,NA
2023-09-03,"2023_09_03","OW-OWA","RAB",4,7,"HH-HA",1,7,62,0.196857142857134,35.3561666666667,NA
2023-09-03,"2023_09_03","OW-OWA","RAB",4,8,"HH-HA",1,4,63.85,0.195028571428563,35.7655555555556,NA
2023-09-03,"2023_09_03","OW-OWA","RAB",4,9,"HH-HA",1,10,58.1833333333333,0.203999999999994,34.5994444444444,NA
2023-09-03,"2023_09_03","OW-OWA","RAB",4,10,"HA-HA",2,3,65.8833333333333,0.192994285714277,36.1691666666667,NA
2023-10-06,"2023_10_06_B","OW-OWA","RAB",5,1,"HH-HH",4,3,66,0.194599999999993,35.9403333333333,NA
2023-10-06,"2023_10_06_B","OW-OWA","RAB",5,2,"HH-HH",4,6,64.3,0.19751999999999,35.5851111111111,NA
2023-10-06,"2023_10_06_B","OW-OWA","RAB",5,3,"HH-HH",4,4,65.55,0.195017142857133,35.8455555555556,NA
2023-10-06,"2023_10_06_B","OW-OWA","RAB",5,4,"HA-HH",2,7,63.9333333333333,0.197691428571416,35.5045833333333,NA
2023-10-06,"2023_10_06_B","OW-OWA","RAB",5,5,"HA-HH",2,5,65.1666666666667,0.195017142857133,35.7474444444444,NA
2023-10-06,"2023_10_06_B","OW-OWA","RAB",5,6,"HH-HH",4,8,63.2166666666667,0.197691428571416,35.3552666666667,NA
2023-10-06,"2023_10_06_B","OW-OWA","RAB",5,7,"HA-HH",2,9,61.3833333333333,0.202674285714276,34.9783333333333,NA
2023-10-06,"2023_10_06_B","OW-OWA","RAB",5,8,"HA-HH",2,2,66.4666666666667,0.193577142857137,36.0366666666667,NA
2023-10-06,"2023_10_06_B","OW-OWA","RAB",5,9,"HH-HH",4,1,66.7333333333333,0.193577142857137,36.0963333333333,NA
2023-10-06,"2023_10_06_B","OW-OWA","RAB",5,10,"HA-HH",2,2,66.4666666666667,0.193577142857137,36.0366666666667,NA
2023-10-06,"2023_10_06_C","OW-OWA","RAB",6,1,"HA-HH",3,5,63.8333333333333,0.197405714285704,35.9374444444444,NA
2023-10-06,"2023_10_06_C","OW-OWA","RAB",6,2,"HH-HH",4,6,63.4333333333333,0.197405714285704,35.8450833333333,NA
2023-10-06,"2023_10_06_C","OW-OWA","RAB",6,3,"HA-HH",1,7,62.9333333333333,0.192685714285704,35.7526666666667,NA
2023-10-06,"2023_10_06_C","OW-OWA","RAB",6,4,"HA-HH",1,3,64.9666666666667,0.19725714285713,36.2085,NA
2023-10-06,"2023_10_06_C","OW-OWA","RAB",6,5,"HA-HH",3,10,60.0333333333333,0.204708571428561,35.1579444444444,NA
2023-10-06,"2023_10_06_C","OW-OWA","RAB",6,6,"HH-HH",1,8,62.4666666666667,0.192685714285704,35.6521333333333,NA
2023-10-06,"2023_10_06_C","OW-OWA","RAB",6,7,"HA-HH",3,1,66.1666666666667,0.199274285714274,36.4831666666667,NA
2023-10-06,"2023_10_06_C","OW-OWA","RAB",6,8,"HH-HH",4,9,61.4,0.199542857142848,35.454,NA
2023-10-06,"2023_10_06_C","OW-OWA","RAB",6,9,"HA-HH",1,4,64.5833333333333,0.19725714285713,36.1233333333333,NA
2023-10-06,"2023_10_06_C","OW-OWA","RAB",6,10,"HH-HH",4,2,65.6666666666667,0.19853714285713,36.37,NA
2023-10-06,"2023_10_06","OW-OWA","RAB",7,1,"HH-HH",1,2,62.9833333333333,0.19962285714285,35.844,NA
2023-10-06,"2023_10_06","OW-OWA","RAB",7,2,"HA-HH",4,3,61.3833333333333,0.204525714285709,35.5221666666667,NA
2023-10-06,"2023_10_06","OW-OWA","RAB",7,3,"HA-HH",4,4,60.9833333333333,0.203919999999995,35.4282222222222,NA
2023-10-06,"2023_10_06","OW-OWA","RAB",7,4,"HA-HH",4,5,60.7166666666667,0.203919999999995,35.3576666666667,NA
2023-10-06,"2023_10_06","OW-OWA","RAB",7,7,"HH-HH",1,6,59.7166666666667,0.204731428571424,35.1595555555556,NA
2023-10-06,"2023_10_06","OW-OWA","RAB",7,8,"HH-HH",1,1,64.1166666666667,0.199565714285705,36.0573333333333,NA
2023-10-06,"2023_10_06","OW-OWA","RAB",7,9,"HA-HH",4,7,59.1166666666667,0.204731428571424,35.0203333333333,NA
2023-10-06,"2023_10_06","OW-OWA","RAB",7,10,"HH-HH",1,8,58.55,0.203245714285711,34.8891333333333,NA
2023-10-10,"2023_10_10","OW-OWA","RAB",8,1,"HA-HH",2,2,66.35,0.195154285714278,37.0286666666667,NA
2023-10-10,"2023_10_10","OW-OWA","RAB",8,2,"HA-HH",2,6,60.8833333333333,0.206902857142853,35.9061111111111,NA
2023-10-10,"2023_10_10","OW-OWA","RAB",8,3,"HA-HH",2,10,41.7333333333333,0.230891428571421,31.7516666666667,NA
2023-10-10,"2023_10_10","OW-OWA","RAB",8,4,"HH-HH",3,1,67.75,0.192331428571425,37.307,NA
2023-10-10,"2023_10_10","OW-OWA","RAB",8,5,"HA-HH",2,3,63.5,0.199645714285708,36.4543333333333,NA
2023-10-10,"2023_10_10","OW-OWA","RAB",8,6,"HH-HH",3,7,60.5666666666667,0.206902857142853,35.8396666666667,NA
2023-10-10,"2023_10_10","OW-OWA","RAB",8,7,"HH-HH",3,8,59.5,0.209382857142851,35.5968666666667,NA
2023-10-10,"2023_10_10","OW-OWA","RAB",8,8,"HA-HH",2,4,62.15,0.202857142857138,36.1928333333333,NA
2023-10-10,"2023_10_10","OW-OWA","RAB",8,9,"HH-HH",3,9,58.35,0.20970285714285,35.3514666666667,NA
2023-10-10,"2023_10_10","OW-OWA","RAB",8,10,"HH-HH",3,5,61.6333333333333,0.204605714285712,36.0753333333333,NA
