"sensor","minute_interval","ramp_per_second","ramp_per_minute","run"
"Temp1",0,0.00197421369102704,0.118452821461623,1
"Temp1",1,0.0028685714285712,0.172114285714272,1
"Temp1",2,0.00353428571428563,0.212057142857138,1
"Temp1",3,0.00378857142857128,0.227314285714277,1
"Temp1",4,0.00412857142857138,0.247714285714283,1
"Temp1",5,0.00421999999999994,0.253199999999996,1
"Temp1",6,0.00435714285714269,0.261428571428561,1
"Temp1",7,0.00426571428571416,0.25594285714285,1
"Temp1",8,0.00419714285714276,0.251828571428566,1
"Temp1",9,0.00425142857142837,0.255085714285702,1
"Temp1",10,0.00424571428571409,0.254742857142845,1
"Temp1",11,0.00418571428571418,0.251142857142851,1
"Temp1",12,0.00416571428571414,0.249942857142849,1
"Temp1",13,0.00401714285714267,0.24102857142856,1
"Temp1",14,0.00389999999999981,0.233999999999989,1
"Temp1",15,0.0041285714285713,0.247714285714278,1
"Temp1",16,0.00389999999999982,0.233999999999989,1
"Temp1",17,0.00402285714285696,0.241371428571417,1
"Temp1",18,0.00379999999999992,0.227999999999995,1
"Temp1",19,0.00403714285714272,0.242228571428563,1
"Temp1",20,0.00385428571428547,0.231257142857128,1
"Temp1",21,0.00399142857142834,0.239485714285701,1
"Temp1",22,0.00408285714285694,0.244971428571417,1
"Temp1",23,0.0039,0.234,1
"Temp1",24,0.00392571428571396,0.235542857142838,1
"Temp1",25,0.00399142857142847,0.239485714285708,1
"Temp1",26,0.00408285714285713,0.244971428571428,1
"Temp1",27,0.00398285714285702,0.238971428571421,1
"Temp1",28,0.00387714285714276,0.232628571428566,1
"Temp1",29,0.00410571428571426,0.246342857142856,1
"Temp1",30,0.00381714285714263,0.229028571428558,1
"Temp1",31,0.00382285714285677,0.229371428571406,1
"Temp1",32,0.00373999999999978,0.224399999999987,1
"Temp1",33,0.00380857142857126,0.228514285714276,1
"Temp1",34,0.00383142857142838,0.229885714285703,1
"Temp1",35,0.00392285714285695,0.235371428571417,1
"Temp1",36,0.00379999999999987,0.227999999999992,1
"Temp1",37,0.00383142857142838,0.229885714285703,1
"Temp1",38,0.00364000000000003,0.218400000000002,1
"Temp1",39,0.00361714285714277,0.217028571428566,1
"Temp1",40,0.0035799999999999,0.214799999999994,1
"Temp1",41,0.00387999999999991,0.232799999999994,1
"Temp1",42,0.00373999999999983,0.22439999999999,1
"Temp1",43,0.00359428571428566,0.21565714285714,1
"Temp1",44,0.00378571428571433,0.22714285714286,1
"Temp1",45,0.00361714285714275,0.217028571428565,1
"Temp1",46,0.00378571428571391,0.227142857142835,1
"Temp1",47,0.00371714285714277,0.223028571428566,1
"Temp1",48,0.00360285714285676,0.216171428571406,1
"Temp1",49,0.00341999999999971,0.205199999999983,1
"Temp1",50,0.00350285714285721,0.210171428571432,1
"Temp1",51,0.00344285714285691,0.206571428571415,1
"Temp1",52,0.00348000000000001,0.208800000000001,1
"Temp1",53,0.00354857142857135,0.212914285714281,1
"Temp1",54,0.00354857142857132,0.212914285714279,1
"Temp1",55,0.00329714285714255,0.197828571428553,1
"Temp1",56,0.00334285714285678,0.200571428571407,1
"Temp1",57,0.00349142857142869,0.209485714285722,1
"Temp1",58,0.00321714285714309,0.193028571428585,1
"Temp1",59,0.00332857142857147,0.199714285714288,1
"Temp1",60,0.00332857142857152,0.199714285714291,1
"Temp1",61,0.00341142857142841,0.204685714285704,1
"Temp1",62,0.00335428571428549,0.20125714285713,1
"Temp1",63,0.003365714285714,0.20194285714284,1
"Temp1",64,0.0032971428571427,0.197828571428562,1
"Temp1",65,0.00332857142857099,0.19971428571426,1
"Temp1",66,0.00321428571428561,0.192857142857137,1
"Temp1",67,0.00321428571428543,0.192857142857126,1
"Temp1",68,0.00312285714285701,0.187371428571421,1
"Temp1",69,0.00299999999999984,0.179999999999991,1
"Temp1",70,0.00304571428571409,0.182742857142846,1
"Temp1",71,0.00310285714285682,0.186171428571409,1
"Temp1",72,0.00305428571428583,0.18325714285715,1
"Temp1",73,0.00240000000000074,0.144000000000045,1
"Temp2",0,0.00186181776133216,0.11170906567993,1
"Temp2",1,0.00255428571428559,0.153257142857135,1
"Temp2",2,0.00319142857142851,0.191485714285711,1
"Temp2",3,0.00339714285714284,0.203828571428571,1
"Temp2",4,0.00377999999999987,0.226799999999992,1
"Temp2",5,0.00376285714285707,0.225771428571424,1
"Temp2",6,0.00373999999999996,0.224399999999998,1
"Temp2",7,0.00342285714285703,0.205371428571422,1
"Temp2",8,0.00330571428571422,0.198342857142853,1
"Temp2",9,0.00350285714285699,0.210171428571419,1
"Temp2",10,0.00418571428571411,0.251142857142847,1
"Temp2",11,0.00434571428571408,0.260742857142845,1
"Temp2",12,0.00437999999999997,0.262799999999998,1
"Temp2",13,0.00444857142857141,0.266914285714284,1
"Temp2",14,0.00427714285714278,0.256628571428567,1
"Temp2",15,0.00431142857142836,0.258685714285701,1
"Temp2",16,0.00440285714285703,0.264171428571422,1
"Temp2",17,0.00419714285714286,0.251828571428572,1
"Temp2",18,0.00426571428571413,0.255942857142848,1
"Temp2",19,0.00417714285714277,0.250628571428566,1
"Temp2",20,0.00411714285714258,0.247028571428555,1
"Temp2",21,0.00419714285714268,0.251828571428561,1
"Temp2",22,0.00418571428571409,0.251142857142846,1
"Temp2",23,0.00426571428571413,0.255942857142848,1
"Temp2",24,0.00421714285714278,0.253028571428567,1
"Temp2",25,0.00419714285714286,0.251828571428572,1
"Temp2",26,0.0039914285714285,0.23948571428571,1
"Temp2",27,0.00401428571428558,0.240857142857135,1
"Temp2",28,0.00396857142857145,0.238114285714287,1
"Temp2",29,0.00408285714285675,0.244971428571405,1
"Temp2",30,0.00396857142857124,0.238114285714274,1
"Temp2",31,0.00403714285714262,0.242228571428557,1
"Temp2",32,0.00378571428571414,0.227142857142848,1
"Temp2",33,0.00389999999999966,0.23399999999998,1
"Temp2",34,0.00394571428571431,0.236742857142859,1
"Temp2",35,0.00378571428571391,0.227142857142835,1
"Temp2",36,0.00369428571428562,0.221657142857137,1
"Temp2",37,0.00371714285714271,0.223028571428562,1
"Temp2",38,0.00360285714285725,0.216171428571435,1
"Temp2",39,0.00368571428571408,0.221142857142845,1
"Temp2",40,0.00369428571428577,0.221657142857146,1
"Temp2",41,0.00229999999999971,0.137999999999982,1
"Temp2",42,0.00355714285714277,0.213428571428566,1
"Temp2",43,0.00370857142857139,0.222514285714284,1
"Temp2",44,0.00351142857142826,0.210685714285696,1
"Temp2",45,0.0036057142857143,0.216342857142858,1
"Temp2",46,0.0034885714285715,0.20931428571429,1
"Temp2",47,0.00368571428571427,0.221142857142856,1
"Temp2",48,0.00363428571428571,0.218057142857143,1
"Temp2",49,0.00351142857142846,0.210685714285707,1
"Temp2",50,0.00360285714285709,0.216171428571425,1
"Temp2",51,0.00362571428571421,0.217542857142853,1
"Temp2",52,0.0038114285714284,0.228685714285704,1
"Temp2",53,0.00348857142857112,0.209314285714267,1
"Temp2",54,0.00364857142857139,0.218914285714283,1
"Temp2",55,0.00344285714285666,0.2065714285714,1
"Temp2",56,0.00341999999999984,0.20519999999999,1
"Temp2",57,0.00348000000000002,0.208800000000001,1
"Temp2",58,0.00329714285714264,0.197828571428559,1
"Temp2",59,0.00338857142857131,0.203314285714279,1
"Temp2",60,0.00339999999999993,0.203999999999996,1
"Temp2",61,0.00330857142857121,0.198514285714272,1
"Temp2",62,0.00336571428571435,0.201942857142861,1
"Temp2",63,0.003365714285714,0.20194285714284,1
"Temp2",64,0.00348857142857148,0.209314285714289,1
"Temp2",65,0.00330571428571437,0.198342857142862,1
"Temp2",66,0.00321999999999982,0.193199999999989,1
"Temp2",67,0.00323714285714243,0.194228571428546,1
"Temp2",68,0.00321714285714244,0.193028571428547,1
"Temp2",69,0.00319714285714273,0.191828571428564,1
"Temp2",70,0.00301142857142848,0.180685714285709,1
"Temp2",71,0.00443714285714289,0.266228571428574,1
"Temp2",72,0.00272571428571413,0.163542857142848,1
"Temp2",73,0.00310000000000021,0.186000000000012,1
"Temp3",0,0.00138216928769664,0.0829301572617982,1
"Temp3",1,0.00220857142857141,0.132514285714284,1
"Temp3",2,0.00300857142857138,0.180514285714283,1
"Temp3",3,0.00351142857142842,0.210685714285705,1
"Temp3",4,0.00399142857142854,0.239485714285713,1
"Temp3",5,0.00410571428571421,0.246342857142852,1
"Temp3",6,0.00402571428571413,0.241542857142848,1
"Temp3",7,0.00410285714285703,0.246171428571422,1
"Temp3",8,0.00438857142857115,0.263314285714269,1
"Temp3",9,0.00421999999999983,0.25319999999999,1
"Temp3",10,0.00412857142857138,0.247714285714283,1
"Temp3",11,0.00419714285714272,0.251828571428563,1
"Temp3",12,0.00419714285714272,0.251828571428564,1
"Temp3",13,0.00433428571428564,0.260057142857138,1
"Temp3",14,0.00408285714285687,0.244971428571412,1
"Temp3",15,0.00396857142857138,0.238114285714283,1
"Temp3",16,0.00424285714285704,0.254571428571423,1
"Temp3",17,0.0040599999999999,0.243599999999994,1
"Temp3",18,0.00426571428571419,0.255942857142852,1
"Temp3",19,0.00408285714285713,0.244971428571428,1
"Temp3",20,0.00401428571428573,0.240857142857144,1
"Temp3",21,0.00408285714285706,0.244971428571424,1
"Temp3",22,0.00390857142857147,0.234514285714288,1
"Temp3",23,0.00403714285714275,0.242228571428565,1
"Temp3",24,0.00394571428571425,0.236742857142855,1
"Temp3",25,0.00400857142857149,0.240514285714289,1
"Temp3",26,0.00401428571428549,0.240857142857129,1
"Temp3",27,0.00415142857142867,0.24908571428572,1
"Temp3",28,0.0037771428571428,0.226628571428568,1
"Temp3",29,0.00405999999999986,0.243599999999991,1
"Temp3",30,0.00375428571428571,0.225257142857143,1
"Temp3",31,0.00389999999999972,0.233999999999983,1
"Temp3",32,0.00380857142857136,0.228514285714282,1
"Temp3",33,0.00383999999999974,0.230399999999984,1
"Temp3",34,0.00383142857142855,0.229885714285713,1
"Temp3",35,0.00391428571428558,0.234857142857135,1
"Temp3",36,0.00380857142857147,0.228514285714288,1
"Temp3",37,0.00381142857142817,0.22868571428569,1
"Temp3",38,0.00383142857142858,0.229885714285715,1
"Temp3",39,0.00373999999999982,0.224399999999989,1
"Temp3",40,0.00376571428571396,0.225942857142837,1
"Temp3",41,0.00378571428571396,0.227142857142837,1
"Temp3",42,0.00383142857142844,0.229885714285706,1
"Temp3",43,0.00373999999999959,0.224399999999975,1
"Temp3",44,0.00373142857142843,0.223885714285706,1
"Temp3",45,0.00370857142857126,0.222514285714276,1
"Temp3",46,0.00371999999999991,0.223199999999994,1
"Temp3",47,0.00371714285714253,0.223028571428552,1
"Temp3",48,0.00350285714285706,0.210171428571424,1
"Temp3",49,0.00360571428571427,0.216342857142856,1
"Temp3",50,0.00342285714285709,0.205371428571425,1
"Temp3",51,0.00347999999999998,0.208799999999999,1
"Temp3",52,0.00343428571428587,0.206057142857152,1
"Temp3",53,0.00343428571428557,0.206057142857134,1
"Temp3",54,0.00361714285714252,0.217028571428551,1
"Temp3",55,0.00345714285714251,0.207428571428551,1
"Temp3",56,0.00361714285714287,0.217028571428572,1
"Temp3",57,0.0036028571428571,0.216171428571426,1
"Temp3",58,0.0033999999999998,0.203999999999988,1
"Temp3",59,0.00323999999999989,0.194399999999993,1
"Temp3",60,0.00334285714285722,0.200571428571433,1
"Temp3",61,0.00320571428571399,0.192342857142839,1
"Temp3",62,0.00316857142857137,0.190114285714282,1
"Temp3",63,0.00321428571428563,0.192857142857138,1
"Temp3",64,0.00311428571428573,0.186857142857144,1
"Temp3",65,0.00330857142857124,0.198514285714274,1
"Temp3",66,0.00306857142857123,0.184114285714274,1
"Temp3",67,0.00328571428571377,0.197142857142826,1
"Temp3",68,0.00312285714285695,0.187371428571417,1
"Temp3",69,0.00310285714285734,0.18617142857144,1
"Temp3",70,0.00302285714285698,0.181371428571419,1
"Temp3",71,0.0032371428571425,0.19422857142855,1
"Temp3",72,0.00312285714285717,0.18737142857143,1
"Temp3",73,0.00230000000000096,0.138000000000058,1
"Temp1",0,0.00110540885860316,0.0663245315161893,2
"Temp1",1,0.0018514285714284,0.111085714285704,2
"Temp1",2,0.00291142857142838,0.174685714285703,2
"Temp1",3,0.0032971428571427,0.197828571428562,2
"Temp1",4,0.0041199999999998,0.247199999999988,2
"Temp1",5,0.00408285714285705,0.244971428571423,2
"Temp1",6,0.00403714285714283,0.24222857142857,2
"Temp1",7,0.0039457142857142,0.236742857142852,2
"Temp1",8,0.00396857142857106,0.238114285714263,2
"Temp1",9,0.00410571428571405,0.246342857142843,2
"Temp1",10,0.00387714285714274,0.232628571428564,2
"Temp1",11,0.00401428571428566,0.24085714285714,2
"Temp1",12,0.004082857142857,0.24497142857142,2
"Temp1",13,0.00385428571428563,0.231257142857138,2
"Temp1",14,0.00383999999999989,0.230399999999994,2
"Temp1",15,0.00384571428571429,0.230742857142857,2
"Temp1",16,0.00369428571428561,0.221657142857137,2
"Temp1",17,0.00378571428571413,0.227142857142848,2
"Temp1",18,0.00360285714285696,0.216171428571418,2
"Temp1",19,0.00389999999999978,0.233999999999987,2
"Temp1",20,0.00389999999999978,0.233999999999987,2
"Temp1",21,0.00385428571428542,0.231257142857125,2
"Temp1",22,0.00387714285714255,0.232628571428553,2
"Temp1",23,0.00386571428571408,0.231942857142845,2
"Temp1",24,0.00379428571428555,0.227657142857133,2
"Temp1",25,0.00370857142857119,0.222514285714272,2
"Temp1",26,0.00385428571428555,0.231257142857133,2
"Temp1",27,0.00385428571428538,0.231257142857123,2
"Temp1",28,0.00383142857142842,0.229885714285705,2
"Temp1",29,0.00389999999999971,0.233999999999983,2
"Temp1",30,0.00355714285714279,0.213428571428568,2
"Temp1",31,0.00341999999999993,0.205199999999996,2
"Temp1",32,0.00371714285714264,0.223028571428558,2
"Temp1",33,0.00339714285714291,0.203828571428575,2
"Temp1",34,0.00329714285714283,0.19782857142857,2
"Temp1",35,0.00331999999999991,0.199199999999995,2
"Temp1",36,0.00348857142857129,0.209314285714277,2
"Temp1",37,0.0035342857142857,0.212057142857142,2
"Temp1",38,0.00338857142857122,0.203314285714273,2
"Temp1",39,0.0036942857142857,0.221657142857142,2
"Temp1",40,0.0037171428571427,0.223028571428562,2
"Temp1",41,0.00359428571428562,0.215657142857137,2
"Temp1",42,0.00380857142857113,0.228514285714268,2
"Temp1",43,0.00376285714285728,0.225771428571437,2
"Temp1",44,0.00358000000000004,0.214800000000003,2
"Temp1",45,0.0035342857142855,0.21205714285713,2
"Temp1",46,0.00343428571428554,0.206057142857133,2
"Temp1",47,0.0033285714285715,0.19971428571429,2
"Temp1",48,0.003502857142857,0.21017142857142,2
"Temp1",49,0.00343428571428557,0.206057142857134,2
"Temp1",50,0.00357142857142852,0.214285714285711,2
"Temp1",51,0.00342285714285673,0.205371428571404,2
"Temp1",52,0.00351428571428565,0.210857142857139,2
"Temp1",53,0.00330571428571422,0.198342857142853,2
"Temp1",54,0.00322857142857143,0.193714285714286,2
"Temp1",55,0.0034428571428572,0.206571428571432,2
"Temp1",56,0.00319142857142856,0.191485714285714,2
"Temp1",57,0.00313714285714263,0.188228571428558,2
"Temp1",58,0.00305714285714296,0.183428571428578,2
"Temp1",59,0.00293999999999996,0.176399999999998,2
"Temp1",60,0.00312285714285726,0.187371428571436,2
"Temp1",61,0.00311428571428548,0.186857142857129,2
"Temp1",62,0.00321714285714266,0.19302857142856,2
"Temp1",63,0.00312857142857135,0.187714285714281,2
"Temp1",64,0.00310285714285684,0.18617142857141,2
"Temp1",65,0.00294000000000003,0.176400000000002,2
"Temp1",66,0.00316857142857138,0.190114285714283,2
"Temp1",67,0.00313714285714256,0.188228571428554,2
"Temp1",68,0.00307999999999994,0.184799999999996,2
"Temp1",69,0.00277142857142821,0.166285714285692,2
"Temp1",70,0.00272857142857157,0.163714285714294,2
"Temp1",71,0.00283999999999986,0.170399999999992,2
"Temp1",72,0.000465714285714259,0.0279428571428556,2
"Temp1",73,NA,NA,2
"Temp2",0,0.000999787052811044,0.0599872231686626,2
"Temp2",1,0.00115142857142845,0.0690857142857072,2
"Temp2",2,0.00225428571428574,0.135257142857144,2
"Temp2",3,0.00293999999999994,0.176399999999996,2
"Temp2",4,0.00493999999999998,0.296399999999999,2
"Temp2",5,0.00341142857142851,0.20468571428571,2
"Temp2",6,0.00371714285714281,0.223028571428569,2
"Temp2",7,0.00399999999999994,0.239999999999996,2
"Temp2",8,0.00407142857142846,0.244285714285708,2
"Temp2",9,0.00408285714285703,0.244971428571422,2
"Temp2",10,0.00419714285714277,0.251828571428566,2
"Temp2",11,0.00415142857142856,0.249085714285714,2
"Temp2",12,0.00401428571428565,0.240857142857139,2
"Temp2",13,0.00392285714285714,0.235371428571429,2
"Temp2",14,0.00398285714285709,0.238971428571425,2
"Temp2",15,0.00392285714285707,0.235371428571424,2
"Temp2",16,0.00385428571428574,0.231257142857144,2
"Temp2",17,0.00381999999999978,0.229199999999987,2
"Temp2",18,0.00380857142857144,0.228514285714286,2
"Temp2",19,0.0037628571428572,0.225771428571432,2
"Temp2",20,0.00366571428571417,0.21994285714285,2
"Temp2",21,0.0040599999999998,0.243599999999988,2
"Temp2",22,0.0037799999999999,0.226799999999994,2
"Temp2",23,0.00380000000000001,0.228000000000001,2
"Temp2",24,0.00399142857142866,0.239485714285719,2
"Temp2",25,0.00384857142857128,0.230914285714277,2
"Temp2",26,0.00371714285714296,0.223028571428578,2
"Temp2",27,0.0037799999999999,0.226799999999994,2
"Temp2",28,0.00394571428571434,0.236742857142861,2
"Temp2",29,0.00383999999999978,0.230399999999987,2
"Temp2",30,0.00390000000000003,0.234000000000002,2
"Temp2",31,0.00371714285714264,0.223028571428559,2
"Temp2",32,0.00367142857142843,0.220285714285706,2
"Temp2",33,0.00362571428571414,0.217542857142849,2
"Temp2",34,0.003502857142857,0.21017142857142,2
"Temp2",35,0.00353714285714249,0.21222857142855,2
"Temp2",36,0.00362571428571404,0.217542857142842,2
"Temp2",37,0.00353428571428573,0.212057142857144,2
"Temp2",38,0.00360285714285726,0.216171428571436,2
"Temp2",39,0.00360285714285723,0.216171428571434,2
"Temp2",40,0.00358000000000009,0.214800000000005,2
"Temp2",41,0.00347999999999976,0.208799999999986,2
"Temp2",42,0.00377714285714262,0.226628571428557,2
"Temp2",43,0.00377999999999971,0.226799999999983,2
"Temp2",44,0.00346285714285684,0.20777142857141,2
"Temp2",45,0.00362857142857148,0.217714285714289,2
"Temp2",46,0.00337714285714272,0.202628571428563,2
"Temp2",47,0.00342285714285725,0.205371428571435,2
"Temp2",48,0.00330857142857111,0.198514285714267,2
"Temp2",49,0.00330857142857138,0.198514285714283,2
"Temp2",50,0.00335142857142839,0.201085714285703,2
"Temp2",51,0.00343714285714254,0.206228571428553,2
"Temp2",52,0.00349142857142832,0.209485714285699,2
"Temp2",53,0.00325999999999971,0.195599999999983,2
"Temp2",54,0.00330571428571403,0.198342857142842,2
"Temp2",55,0.00328857142857132,0.197314285714279,2
"Temp2",56,0.00326000000000004,0.195600000000003,2
"Temp2",57,0.00342285714285696,0.205371428571418,2
"Temp2",58,0.00302285714285683,0.18137142857141,2
"Temp2",59,0.00314571428571421,0.188742857142853,2
"Temp2",60,0.0031914285714286,0.191485714285716,2
"Temp2",61,0.00300000000000004,0.180000000000002,2
"Temp2",62,0.00332857142857146,0.199714285714288,2
"Temp2",63,0.00312857142857108,0.187714285714265,2
"Temp2",64,0.00312571428571417,0.18754285714285,2
"Temp2",65,0.00306857142857128,0.184114285714277,2
"Temp2",66,0.00301142857142844,0.180685714285707,2
"Temp2",67,0.00310571428571394,0.186342857142836,2
"Temp2",68,0.00319428571428536,0.191657142857122,2
"Temp2",69,0.00312857142857127,0.187714285714277,2
"Temp2",70,0.0030314285714287,0.181885714285722,2
"Temp2",71,0.00275999999999993,0.165599999999996,2
"Temp2",72,0.000868571428571323,0.0521142857142794,2
"Temp2",73,NA,NA,2
"Temp3",0,0.00101448040885869,0.0608688245315216,2
"Temp3",1,0.00135714285714274,0.0814285714285644,2
"Temp3",2,0.00222285714285718,0.133371428571431,2
"Temp3",3,0.00307714285714265,0.184628571428559,2
"Temp3",4,0.00439142857142867,0.26348571428572,2
"Temp3",5,0.00300857142857144,0.180514285714286,2
"Temp3",6,0.00376285714285697,0.225771428571418,2
"Temp3",7,0.00419714285714271,0.251828571428562,2
"Temp3",8,0.00394571428571414,0.236742857142848,2
"Temp3",9,0.00393428571428573,0.236057142857144,2
"Temp3",10,0.00415142857142849,0.249085714285709,2
"Temp3",11,0.00396857142857132,0.238114285714279,2
"Temp3",12,0.00408285714285705,0.244971428571423,2
"Temp3",13,0.0039914285714285,0.23948571428571,2
"Temp3",14,0.00391428571428565,0.234857142857139,2
"Temp3",15,0.00395428571428574,0.237257142857144,2
"Temp3",16,0.00401428571428569,0.240857142857142,2
"Temp3",17,0.00401428571428548,0.240857142857129,2
"Temp3",18,0.00396857142857139,0.238114285714283,2
"Temp3",19,0.00378571428571437,0.227142857142862,2
"Temp3",20,0.0039142857142856,0.234857142857136,2
"Temp3",21,0.00389999999999985,0.233999999999991,2
"Temp3",22,0.00391428571428549,0.234857142857129,2
"Temp3",23,0.00387714285714273,0.232628571428564,2
"Temp3",24,0.00394571428571432,0.236742857142859,2
"Temp3",25,0.00380857142857127,0.228514285714276,2
"Temp3",26,0.00374000000000008,0.224400000000005,2
"Temp3",27,0.00393428571428551,0.236057142857131,2
"Temp3",28,0.00376285714285699,0.225771428571419,2
"Temp3",29,0.00381714285714273,0.229028571428564,2
"Temp3",30,0.00378571428571411,0.227142857142847,2
"Temp3",31,0.00357999999999986,0.214799999999992,2
"Temp3",32,0.00347999999999989,0.208799999999993,2
"Temp3",33,0.00373142857142838,0.223885714285703,2
"Temp3",34,0.00369428571428546,0.221657142857127,2
"Temp3",35,0.00353428571428539,0.212057142857124,2
"Temp3",36,0.00370857142857142,0.222514285714285,2
"Temp3",37,0.0036257142857143,0.217542857142858,2
"Temp3",38,0.00333142857142854,0.199885714285712,2
"Temp3",39,0.00364571428571426,0.218742857142855,2
"Temp3",40,0.00350285714285709,0.210171428571426,2
"Temp3",41,0.00359428571428564,0.215657142857138,2
"Temp3",42,0.00360285714285703,0.216171428571422,2
"Temp3",43,0.00360285714285707,0.216171428571424,2
"Temp3",44,0.00341142857142843,0.204685714285706,2
"Temp3",45,0.00353428571428539,0.212057142857124,2
"Temp3",46,0.00343428571428567,0.20605714285714,2
"Temp3",47,0.0034428571428571,0.206571428571426,2
"Temp3",48,0.00341142857142856,0.204685714285713,2
"Temp3",49,0.00343428571428555,0.206057142857133,2
"Temp3",50,0.00342857142857128,0.205714285714277,2
"Temp3",51,0.00348857142857122,0.209314285714273,2
"Temp3",52,0.00331999999999995,0.199199999999997,2
"Temp3",53,0.00341999999999969,0.205199999999981,2
"Temp3",54,0.00319428571428566,0.19165714285714,2
"Temp3",55,0.00353428571428591,0.212057142857154,2
"Temp3",56,0.00315142857142822,0.189085714285693,2
"Temp3",57,0.00329714285714298,0.197828571428579,2
"Temp3",58,0.00314571428571398,0.188742857142839,2
"Temp3",59,0.00312857142857142,0.187714285714285,2
"Temp3",60,0.00310285714285704,0.186171428571422,2
"Temp3",61,0.00299142857142842,0.179485714285705,2
"Temp3",62,0.00312571428571415,0.187542857142849,2
"Temp3",63,0.00299142857142842,0.179485714285705,2
"Temp3",64,0.00328571428571414,0.197142857142849,2
"Temp3",65,0.00304571428571426,0.182742857142856,2
"Temp3",66,0.0031257142857142,0.187542857142852,2
"Temp3",67,0.00319714285714263,0.191828571428558,2
"Temp3",68,0.00314857142857113,0.188914285714268,2
"Temp3",69,0.00291714285714283,0.17502857142857,2
"Temp3",70,0.00299142857142843,0.179485714285706,2
"Temp3",71,0.00283999999999981,0.170399999999988,2
"Temp3",72,0.00189714285714254,0.113828571428553,2
"Temp3",73,NA,NA,2
"Temp1",0,0.00123159287776717,0.0738955726660304,3
"Temp1",1,0.00210285714285697,0.126171428571418,3
"Temp1",2,0.00258857142857113,0.155314285714268,3
"Temp1",3,0.00330571428571412,0.198342857142847,3
"Temp1",4,0.00355714285714256,0.213428571428554,3
"Temp1",5,0.00394571428571422,0.236742857142853,3
"Temp1",6,0.00385428571428561,0.231257142857137,3
"Temp1",7,0.00435714285714282,0.261428571428569,3
"Temp1",8,0.00401428571428566,0.24085714285714,3
"Temp1",9,0.00419714285714273,0.251828571428564,3
"Temp1",10,0.00385428571428547,0.231257142857128,3
"Temp1",11,0.00415142857142847,0.249085714285708,3
"Temp1",12,0.00428857142857117,0.25731428571427,3
"Temp1",13,0.00407714285714246,0.244628571428548,3
"Temp1",14,0.00389999999999999,0.233999999999999,3
"Temp1",15,0.00423999999999984,0.25439999999999,3
"Temp1",16,0.00401428571428541,0.240857142857124,3
"Temp1",17,0.00399142857142851,0.23948571428571,3
"Temp1",18,0.00401428571428568,0.240857142857141,3
"Temp1",19,0.00380857142857125,0.228514285714275,3
"Temp1",20,0.00414571428571404,0.248742857142842,3
"Temp1",21,0.00399142857142834,0.239485714285701,3
"Temp1",22,0.00401428571428544,0.240857142857126,3
"Temp1",23,0.00410571428571414,0.246342857142848,3
"Temp1",24,0.0040371428571429,0.242228571428574,3
"Temp1",25,0.00383142857142855,0.229885714285713,3
"Temp1",26,0.00378571428571431,0.227142857142859,3
"Temp1",27,0.00385428571428527,0.231257142857116,3
"Temp1",28,0.00373999999999986,0.224399999999992,3
"Temp1",29,0.00402285714285703,0.241371428571422,3
"Temp1",30,0.0038771428571427,0.232628571428562,3
"Temp1",31,0.00382285714285706,0.229371428571424,3
"Temp1",32,0.00379999999999983,0.22799999999999,3
"Temp1",33,0.00369428571428564,0.221657142857139,3
"Temp1",34,0.00365142857142846,0.219085714285708,3
"Temp1",35,0.00389999999999983,0.23399999999999,3
"Temp1",36,0.00371999999999992,0.223199999999995,3
"Temp1",37,0.00359428571428584,0.21565714285715,3
"Temp1",38,0.00372571428571426,0.223542857142855,3
"Temp1",39,0.00353714285714296,0.212228571428578,3
"Temp1",40,0.0036171428571427,0.217028571428562,3
"Temp1",41,0.00360285714285739,0.216171428571443,3
"Temp1",42,0.00368571428571422,0.221142857142853,3
"Temp1",43,0.00364857142857113,0.218914285714268,3
"Temp1",44,0.00346571428571407,0.207942857142844,3
"Temp1",45,0.00351142857142845,0.210685714285707,3
"Temp1",46,0.00358285714285695,0.214971428571417,3
"Temp1",47,0.00344285714285704,0.206571428571423,3
"Temp1",48,0.00344285714285713,0.206571428571428,3
"Temp1",49,0.00337428571428558,0.202457142857135,3
"Temp1",50,0.00343428571428562,0.206057142857137,3
"Temp1",51,0.00335142857142843,0.201085714285706,3
"Temp1",52,0.00312857142857133,0.18771428571428,3
"Temp1",53,0.00323714285714286,0.194228571428571,3
"Temp1",54,0.0033771428571428,0.202628571428568,3
"Temp1",55,0.00344285714285712,0.206571428571427,3
"Temp1",56,0.00344285714285709,0.206571428571426,3
"Temp1",57,0.00362571428571409,0.217542857142845,3
"Temp1",58,0.00355714285714271,0.213428571428563,3
"Temp1",59,0.00344285714285715,0.206571428571429,3
"Temp1",60,0.00327428571428524,0.196457142857114,3
"Temp1",61,0.00331999999999982,0.199199999999989,3
"Temp1",62,0.00346857142857133,0.20811428571428,3
"Temp1",63,0.00330857142857143,0.198514285714286,3
"Temp1",64,0.00321428571428546,0.192857142857128,3
"Temp1",65,0.00293999999999967,0.17639999999998,3
"Temp1",66,0.00297714285714261,0.178628571428557,3
"Temp1",67,0.00280999999999963,0.168599999999978,3
"Temp2",0,0.0012561357074111,0.0753681424446658,3
"Temp2",1,0.00116285714285708,0.0697714285714246,3
"Temp2",2,0.00191999999999979,0.115199999999987,3
"Temp2",3,0.00275714285714269,0.165428571428561,3
"Temp2",4,0.00332857142857129,0.199714285714278,3
"Temp2",5,0.00390285714285701,0.23417142857142,3
"Temp2",6,0.00389999999999981,0.233999999999988,3
"Temp2",7,0.00408285714285698,0.244971428571419,3
"Temp2",8,0.00401428571428562,0.240857142857137,3
"Temp2",9,0.00410571428571412,0.246342857142847,3
"Temp2",10,0.00424285714285707,0.254571428571424,3
"Temp2",11,0.00402285714285708,0.241371428571425,3
"Temp2",12,0.0041371428571428,0.248228571428568,3
"Temp2",13,0.00422571428571403,0.253542857142842,3
"Temp2",14,0.00419714285714272,0.251828571428563,3
"Temp2",15,0.00400571428571415,0.240342857142849,3
"Temp2",16,0.00419714285714282,0.251828571428569,3
"Temp2",17,0.00403714285714266,0.24222857142856,3
"Temp2",18,0.00421999999999991,0.253199999999994,3
"Temp2",19,0.00396857142857139,0.238114285714284,3
"Temp2",20,0.00408285714285716,0.244971428571429,3
"Temp2",21,0.00415142857142843,0.249085714285706,3
"Temp2",22,0.00362571428571418,0.217542857142851,3
"Temp2",23,0.00394571428571429,0.236742857142857,3
"Temp2",24,0.00419714285714284,0.25182857142857,3
"Temp2",25,0.00401428571428561,0.240857142857136,3
"Temp2",26,0.00389999999999978,0.233999999999987,3
"Temp2",27,0.00401428571428564,0.240857142857138,3
"Temp2",28,0.00389142857142832,0.233485714285699,3
"Temp2",29,0.00379999999999996,0.227999999999997,3
"Temp2",30,0.00379999999999987,0.227999999999992,3
"Temp2",31,0.00361714285714286,0.217028571428571,3
"Temp2",32,0.00371999999999967,0.22319999999998,3
"Temp2",33,0.00376285714285715,0.225771428571429,3
"Temp2",34,0.00376285714285689,0.225771428571413,3
"Temp2",35,0.00371714285714263,0.223028571428558,3
"Temp2",36,0.00373142857142832,0.223885714285699,3
"Temp2",37,0.00378571428571409,0.227142857142845,3
"Temp2",38,0.0038399999999999,0.230399999999994,3
"Temp2",39,0.00369428571428545,0.221657142857127,3
"Temp2",40,0.00347999999999965,0.208799999999979,3
"Temp2",41,0.00373999999999967,0.22439999999998,3
"Temp2",42,0.00360285714285683,0.21617142857141,3
"Temp2",43,0.00369428571428547,0.221657142857128,3
"Temp2",44,0.00337428571428564,0.202457142857138,3
"Temp2",45,0.00330571428571426,0.198342857142856,3
"Temp2",46,0.00347999999999991,0.208799999999994,3
"Temp2",47,0.00370857142857134,0.22251428571428,3
"Temp2",48,0.00360285714285701,0.216171428571421,3
"Temp2",49,0.00349142857142822,0.209485714285693,3
"Temp2",50,0.00353428571428553,0.212057142857132,3
"Temp2",51,0.00364857142857108,0.218914285714265,3
"Temp2",52,0.00342285714285714,0.205371428571429,3
"Temp2",53,0.00325999999999999,0.195599999999999,3
"Temp2",54,0.00328285714285725,0.196971428571435,3
"Temp2",55,0.00323999999999989,0.194399999999993,3
"Temp2",56,0.00337999999999984,0.20279999999999,3
"Temp2",57,0.00351142857142834,0.2106857142857,3
"Temp2",58,0.00335142857142853,0.201085714285712,3
"Temp2",59,0.00345714285714292,0.207428571428575,3
"Temp2",60,0.00330571428571415,0.198342857142849,3
"Temp2",61,0.00336571428571436,0.201942857142862,3
"Temp2",62,0.00341999999999962,0.205199999999977,3
"Temp2",63,0.0033314285714284,0.199885714285704,3
"Temp2",64,0.00331999999999999,0.1992,3
"Temp2",65,0.00306857142857122,0.184114285714273,3
"Temp2",66,0.00283999999999995,0.170399999999997,3
"Temp2",67,0.00296999999999969,0.178199999999981,3
"Temp3",0,0.00131641000962468,0.0789846005774805,3
"Temp3",1,0.00136857142857143,0.082114285714286,3
"Temp3",2,0.00194285714285693,0.116571428571416,3
"Temp3",3,0.00242285714285695,0.145371428571417,3
"Temp3",4,0.00314857142857136,0.188914285714282,3
"Temp3",5,0.00373428571428559,0.224057142857135,3
"Temp3",6,0.0038771428571428,0.232628571428568,3
"Temp3",7,0.00393428571428559,0.236057142857135,3
"Temp3",8,0.00413714285714283,0.24822857142857,3
"Temp3",9,0.00419714285714289,0.251828571428573,3
"Temp3",10,0.0039685714285712,0.238114285714272,3
"Temp3",11,0.00378571428571414,0.227142857142849,3
"Temp3",12,0.0040142857142856,0.240857142857136,3
"Temp3",13,0.0043571428571428,0.261428571428568,3
"Temp3",14,0.00463142857142853,0.277885714285712,3
"Temp3",15,0.00421714285714255,0.253028571428553,3
"Temp3",16,0.00409714285714254,0.245828571428552,3
"Temp3",17,0.00426571428571418,0.255942857142851,3
"Temp3",18,0.00408285714285709,0.244971428571426,3
"Temp3",19,0.00409714285714277,0.245828571428566,3
"Temp3",20,0.00419714285714268,0.251828571428561,3
"Temp3",21,0.004265714285714,0.25594285714284,3
"Temp3",22,0.00421999999999981,0.253199999999989,3
"Temp3",23,0.00399142857142859,0.239485714285716,3
"Temp3",24,0.004082857142857,0.24497142857142,3
"Temp3",25,0.00394571428571435,0.236742857142861,3
"Temp3",26,0.0039685714285713,0.238114285714278,3
"Temp3",27,0.00402571428571416,0.24154285714285,3
"Temp3",28,0.00389999999999995,0.233999999999997,3
"Temp3",29,0.00373999999999993,0.224399999999996,3
"Temp3",30,0.00389142857142857,0.233485714285714,3
"Temp3",31,0.00389428571428551,0.233657142857131,3
"Temp3",32,0.00378571428571408,0.227142857142845,3
"Temp3",33,0.0039257142857139,0.235542857142834,3
"Temp3",34,0.00371714285714272,0.223028571428563,3
"Temp3",35,0.00391428571428535,0.234857142857121,3
"Temp3",36,0.00368571428571404,0.221142857142842,3
"Temp3",37,0.00369428571428564,0.221657142857139,3
"Temp3",38,0.00367428571428551,0.22045714285713,3
"Temp3",39,0.00389999999999989,0.233999999999993,3
"Temp3",40,0.00376571428571402,0.225942857142841,3
"Temp3",41,0.00378571428571414,0.227142857142849,3
"Temp3",42,0.00369428571428558,0.221657142857135,3
"Temp3",43,0.00357999999999995,0.214799999999997,3
"Temp3",44,0.00362571428571428,0.217542857142857,3
"Temp3",45,0.00342000000000006,0.205200000000003,3
"Temp3",46,0.00355714285714277,0.213428571428566,3
"Temp3",47,0.00344285714285701,0.206571428571421,3
"Temp3",48,0.00359428571428565,0.215657142857139,3
"Temp3",49,0.00362571428571446,0.217542857142868,3
"Temp3",50,0.00337428571428532,0.202457142857119,3
"Temp3",51,0.00347999999999992,0.208799999999995,3
"Temp3",52,0.0032971428571428,0.197828571428568,3
"Temp3",53,0.00330571428571436,0.198342857142861,3
"Temp3",54,0.00342285714285691,0.205371428571415,3
"Temp3",55,0.0033971428571428,0.203828571428568,3
"Temp3",56,0.00330571428571415,0.198342857142849,3
"Temp3",57,0.00341142857142826,0.204685714285696,3
"Temp3",58,0.0032971428571423,0.197828571428538,3
"Temp3",59,0.00347999999999978,0.208799999999987,3
"Temp3",60,0.00337714285714246,0.202628571428548,3
"Temp3",61,0.00330571428571404,0.198342857142842,3
"Temp3",62,0.00330571428571437,0.198342857142862,3
"Temp3",63,0.00327428571428529,0.196457142857117,3
"Temp3",64,0.0034114285714283,0.204685714285698,3
"Temp3",65,0.00326285714285705,0.195771428571423,3
"Temp3",66,0.00299142857142869,0.179485714285722,3
"Temp3",67,0.00280999999999992,0.168599999999995,3
"Temp1",0,0.00121999999999994,0.0731999999999963,4
"Temp1",1,0.00162285714285707,0.0973714285714242,4
"Temp1",2,0.00202571428571403,0.121542857142842,4
"Temp1",3,0.00227714285714261,0.136628571428557,4
"Temp1",4,0.00293428571428547,0.176057142857128,4
"Temp1",5,0.00353714285714266,0.212228571428559,4
"Temp1",6,0.0037857142857142,0.227142857142852,4
"Temp1",7,0.00392285714285701,0.235371428571421,4
"Temp1",8,0.00441142857142837,0.264685714285702,4
"Temp1",9,0.0046542857142856,0.279257142857136,4
"Temp1",10,0.00380857142857124,0.228514285714274,4
"Temp1",11,0.00487999999999996,0.292799999999998,4
"Temp1",12,0.00421999999999975,0.253199999999985,4
"Temp1",13,0.00385428571428562,0.231257142857137,4
"Temp1",14,0.00431142857142849,0.258685714285709,4
"Temp1",15,0.00421999999999994,0.253199999999996,4
"Temp1",16,0.00410571428571414,0.246342857142848,4
"Temp1",17,0.00413142857142842,0.247885714285705,4
"Temp1",18,0.00369428571428562,0.221657142857137,4
"Temp1",19,0.00437999999999969,0.262799999999981,4
"Temp1",20,0.00426571428571431,0.255942857142859,4
"Temp1",21,0.00379999999999995,0.227999999999997,4
"Temp1",22,0.00476857142857126,0.286114285714276,4
"Temp1",23,0.00369714285714274,0.221828571428564,4
"Temp1",24,0.0035028571428572,0.210171428571432,4
"Temp1",25,0.00422000000000001,0.2532,4
"Temp1",26,0.00437714285714277,0.262628571428566,4
"Temp1",27,0.00357142857142855,0.214285714285713,4
"Temp1",28,0.00378571428571404,0.227142857142842,4
"Temp1",29,0.00465428571428552,0.279257142857131,4
"Temp1",30,0.00369142857142848,0.221485714285709,4
"Temp1",31,0.00353714285714267,0.21222857142856,4
"Temp1",32,0.00501714285714285,0.301028571428571,4
"Temp1",33,0.00323714285714255,0.194228571428553,4
"Temp1",34,0.00355714285714253,0.213428571428552,4
"Temp1",35,0.00401428571428562,0.240857142857137,4
"Temp1",36,0.00389142857142857,0.233485714285714,4
"Temp1",37,0.00298571428571403,0.179142857142842,4
"Temp1",38,0.00484857142857136,0.290914285714282,4
"Temp1",39,0.00378571428571399,0.22714285714284,4
"Temp1",40,0.00345714285714261,0.207428571428557,4
"Temp1",41,0.00389999999999982,0.233999999999989,4
"Temp1",42,0.00279714285714273,0.167828571428564,4
"Temp1",43,0.00325999999999972,0.195599999999983,4
"Temp1",44,0.00321999999999983,0.19319999999999,4
"Temp1",45,0.0034799999999999,0.208799999999994,4
"Temp1",46,0.00396857142857139,0.238114285714283,4
"Temp1",47,0.00368571428571434,0.221142857142861,4
"Temp1",48,0.00387714285714288,0.232628571428573,4
"Temp1",49,0.00398285714285684,0.23897142857141,4
"Temp1",50,0.00371714285714259,0.223028571428555,4
"Temp1",51,0.00377714285714252,0.226628571428551,4
"Temp1",52,0.00358285714285731,0.214971428571439,4
"Temp1",53,0.00357999999999991,0.214799999999995,4
"Temp1",54,0.00346571428571404,0.207942857142842,4
"Temp1",55,0.00357999999999993,0.214799999999996,4
"Temp1",56,0.00341142857142868,0.204685714285721,4
"Temp1",57,0.00335142857142866,0.20108571428572,4
"Temp1",58,0.00351428571428543,0.210857142857126,4
"Temp1",59,0.00333142857142801,0.199885714285681,4
"Temp1",60,0.00312285714285688,0.187371428571413,4
"Temp1",61,0.00323714285714282,0.194228571428569,4
"Temp1",62,0.00307714285714293,0.184628571428576,4
"Temp1",63,0.00329714285714275,0.197828571428565,4
"Temp1",64,0.0031257142857142,0.187542857142852,4
"Temp1",65,0.00323714285714256,0.194228571428553,4
"Temp1",66,0.00298857142857129,0.179314285714277,4
"Temp1",67,0.00313714285714282,0.188228571428569,4
"Temp1",68,0.00312285714285678,0.187371428571407,4
"Temp1",69,0.00323999999999974,0.194399999999984,4
"Temp2",0,0.0011857142857142,0.0711428571428522,4
"Temp2",1,0.00097714285714266,0.0586285714285596,4
"Temp2",2,0.00124285714285704,0.0745714285714225,4
"Temp2",3,0.0022571428571427,0.135428571428562,4
"Temp2",4,0.00274857142857136,0.164914285714282,4
"Temp2",5,0.00291999999999983,0.17519999999999,4
"Temp2",6,0.00392285714285713,0.235371428571428,4
"Temp2",7,0.00476857142857127,0.286114285714276,4
"Temp2",8,0.00459142857142844,0.275485714285706,4
"Temp2",9,0.00444000000000001,0.266400000000001,4
"Temp2",10,0.00440285714285709,0.264171428571425,4
"Temp2",11,0.00444857142857114,0.266914285714268,4
"Temp2",12,0.00440285714285704,0.264171428571422,4
"Temp2",13,0.00389999999999988,0.233999999999993,4
"Temp2",14,0.00406285714285715,0.243771428571429,4
"Temp2",15,0.00416571428571421,0.249942857142853,4
"Temp2",16,0.00436571428571414,0.261942857142848,4
"Temp2",17,0.0040599999999997,0.243599999999982,4
"Temp2",18,0.00399142857142847,0.239485714285708,4
"Temp2",19,0.00432857142857123,0.259714285714274,4
"Temp2",20,0.0040857142857142,0.245142857142852,4
"Temp2",21,0.00389999999999991,0.233999999999994,4
"Temp2",22,0.00389999999999975,0.233999999999985,4
"Temp2",23,0.00417428571428553,0.250457142857132,4
"Temp2",24,0.00401428571428563,0.240857142857138,4
"Temp2",25,0.00378571428571433,0.22714285714286,4
"Temp2",26,0.0041971428571428,0.251828571428568,4
"Temp2",27,0.00380857142857132,0.228514285714279,4
"Temp2",28,0.00389999999999984,0.233999999999991,4
"Temp2",29,0.00379999999999982,0.227999999999989,4
"Temp2",30,0.00389999999999982,0.233999999999989,4
"Temp2",31,0.0041057142857143,0.246342857142858,4
"Temp2",32,0.00457428571428577,0.274457142857146,4
"Temp2",33,0.00421714285714286,0.253028571428571,4
"Temp2",34,0.00398285714285709,0.238971428571425,4
"Temp2",35,0.00371714285714294,0.223028571428576,4
"Temp2",36,0.00380285714285706,0.228171428571424,4
"Temp2",37,0.00392285714285706,0.235371428571424,4
"Temp2",38,0.00374000000000002,0.224400000000001,4
"Temp2",39,0.00367142857142859,0.220285714285715,4
"Temp2",40,0.00396285714285706,0.237771428571423,4
"Temp2",41,0.00367142857142865,0.220285714285719,4
"Temp2",42,0.00364857142857143,0.218914285714286,4
"Temp2",43,0.00350285714285706,0.210171428571424,4
"Temp2",44,0.00359428571428569,0.215657142857141,4
"Temp2",45,0.00339999999999977,0.203999999999986,4
"Temp2",46,0.00362571428571396,0.217542857142838,4
"Temp2",47,0.00366285714285709,0.219771428571425,4
"Temp2",48,0.00360285714285711,0.216171428571426,4
"Temp2",49,0.00342000000000002,0.205200000000001,4
"Temp2",50,0.00359428571428564,0.215657142857139,4
"Temp2",51,0.00355714285714287,0.213428571428572,4
"Temp2",52,0.00355714285714277,0.213428571428566,4
"Temp2",53,0.00344285714285697,0.206571428571418,4
"Temp2",54,0.0033771428571424,0.202628571428544,4
"Temp2",55,0.00323999999999964,0.194399999999978,4
"Temp2",56,0.00342,0.2052,4
"Temp2",57,0.00342000000000004,0.205200000000002,4
"Temp2",58,0.00323714285714268,0.194228571428561,4
"Temp2",59,0.00350285714285696,0.210171428571418,4
"Temp2",60,0.00339714285714315,0.203828571428589,4
"Temp2",61,0.00314571428571407,0.188742857142844,4
"Temp2",62,0.00323999999999968,0.194399999999981,4
"Temp2",63,0.00335142857142841,0.201085714285705,4
"Temp2",64,0.00319714285714298,0.191828571428579,4
"Temp2",65,0.00323714285714269,0.194228571428561,4
"Temp2",66,0.00335142857142879,0.201085714285727,4
"Temp2",67,0.00313714285714255,0.188228571428553,4
"Temp2",68,0.00310285714285689,0.186171428571413,4
"Temp2",69,0.00319714285714267,0.19182857142856,4
"Temp3",0,0.00130285714285695,0.078171428571417,4
"Temp3",1,0.00129999999999987,0.0779999999999924,4
"Temp3",2,0.00238571428571423,0.143142857142854,4
"Temp3",3,0.00245142857142836,0.147085714285702,4
"Temp3",4,0.00296285714285698,0.177771428571419,4
"Temp3",5,0.00357142857142843,0.214285714285706,4
"Temp3",6,0.00424285714285691,0.254571428571414,4
"Temp3",7,0.00387714285714269,0.232628571428561,4
"Temp3",8,0.00408285714285691,0.244971428571415,4
"Temp3",9,0.00485714285714288,0.291428571428573,4
"Temp3",10,0.00433428571428565,0.260057142857139,4
"Temp3",11,0.00458571428571409,0.275142857142846,4
"Temp3",12,0.00474571428571433,0.28474285714286,4
"Temp3",13,0.00408285714285694,0.244971428571417,4
"Temp3",14,0.00410571428571407,0.246342857142844,4
"Temp3",15,0.00427714285714269,0.256628571428561,4
"Temp3",16,0.0044942857142855,0.26965714285713,4
"Temp3",17,0.00396857142857123,0.238114285714274,4
"Temp3",18,0.00389428571428554,0.233657142857132,4
"Temp3",19,0.00428857142857122,0.257314285714273,4
"Temp3",20,0.00405999999999958,0.243599999999975,4
"Temp3",21,0.00424285714285698,0.254571428571419,4
"Temp3",22,0.00405999999999984,0.243599999999991,4
"Temp3",23,0.00266571428571401,0.15994285714284,4
"Temp3",24,0.00357999999999985,0.214799999999991,4
"Temp3",25,0.00387714285714276,0.232628571428566,4
"Temp3",26,0.00378571428571421,0.227142857142853,4
"Temp3",27,0.00384571428571418,0.230742857142851,4
"Temp3",28,0.00433428571428585,0.260057142857151,4
"Temp3",29,0.00383142857142841,0.229885714285704,4
"Temp3",30,0.00398285714285691,0.238971428571415,4
"Temp3",31,0.0037999999999999,0.227999999999994,4
"Temp3",32,0.00428571428571419,0.257142857142852,4
"Temp3",33,0.00355999999999977,0.213599999999986,4
"Temp3",34,0.00396857142857124,0.238114285714274,4
"Temp3",35,0.00401428571428561,0.240857142857137,4
"Temp3",36,0.00408285714285713,0.244971428571428,4
"Temp3",37,0.00410571428571417,0.24634285714285,4
"Temp3",38,0.00391428571428558,0.234857142857135,4
"Temp3",39,0.00394571428571423,0.236742857142854,4
"Temp3",40,0.00371714285714275,0.223028571428565,4
"Temp3",41,0.0036028571428569,0.216171428571414,4
"Temp3",42,0.00333428571428568,0.200057142857141,4
"Temp3",43,0.00367142857142835,0.220285714285701,4
"Temp3",44,0.00363428571428555,0.218057142857133,4
"Temp3",45,0.00360571428571405,0.216342857142843,4
"Temp3",46,0.00375428571428576,0.225257142857146,4
"Temp3",47,0.00348857142857165,0.209314285714299,4
"Temp3",48,0.0032371428571429,0.194228571428574,4
"Temp3",49,0.00362571428571383,0.21754285714283,4
"Temp3",50,0.00352571428571396,0.211542857142838,4
"Temp3",51,0.00353428571428564,0.212057142857139,4
"Temp3",52,0.00360285714285695,0.216171428571417,4
"Temp3",53,0.00353428571428545,0.212057142857127,4
"Temp3",54,0.00339714285714288,0.203828571428573,4
"Temp3",55,0.00345714285714268,0.207428571428561,4
"Temp3",56,0.00337428571428576,0.202457142857145,4
"Temp3",57,0.00333142857142843,0.199885714285706,4
"Temp3",58,0.0034228571428572,0.205371428571432,4
"Temp3",59,0.0032142857142855,0.19285714285713,4
"Temp3",60,0.00314571428571437,0.188742857142862,4
"Temp3",61,0.00309999999999982,0.185999999999989,4
"Temp3",62,0.0032285714285711,0.193714285714266,4
"Temp3",63,0.00336571428571417,0.20194285714285,4
"Temp3",64,0.00326285714285692,0.195771428571415,4
"Temp3",65,0.00314571428571427,0.188742857142856,4
"Temp3",66,0.00319142857142846,0.191485714285708,4
"Temp3",67,0.00323714285714299,0.194228571428579,4
"Temp3",68,0.00309142857142804,0.185485714285682,4
"Temp3",69,0.00330857142857125,0.198514285714275,4
"Temp1",0,0.00122599043296946,0.0735594259781677,5
"Temp1",1,0.00164285714285699,0.0985714285714196,5
"Temp1",2,0.00212285714285701,0.127371428571421,5
"Temp1",3,0.00276000000000007,0.165600000000004,5
"Temp1",4,0.00329714285714278,0.197828571428567,5
"Temp1",5,0.0035114285714285,0.21068571428571,5
"Temp1",6,0.00392285714285705,0.235371428571423,5
"Temp1",7,0.00410571428571405,0.246342857142843,5
"Temp1",8,0.00401428571428566,0.24085714285714,5
"Temp1",9,0.00415714285714275,0.249428571428565,5
"Temp1",10,0.00421999999999988,0.253199999999993,5
"Temp1",11,0.00410571428571416,0.24634285714285,5
"Temp1",12,0.00422000000000004,0.253200000000003,5
"Temp1",13,0.00440285714285711,0.264171428571426,5
"Temp1",14,0.00447999999999985,0.268799999999991,5
"Temp1",15,0.00444857142857121,0.266914285714273,5
"Temp1",16,0.00419714285714268,0.251828571428561,5
"Temp1",17,0.00417428571428566,0.250457142857139,5
"Temp1",18,0.00428857142857114,0.257314285714268,5
"Temp1",19,0.00415142857142839,0.249085714285704,5
"Temp1",20,0.00417428571428541,0.250457142857124,5
"Temp1",21,0.00389999999999988,0.233999999999993,5
"Temp1",22,0.00394571428571441,0.236742857142864,5
"Temp1",23,0.003945714285714,0.23674285714284,5
"Temp1",24,0.00371714285714264,0.223028571428559,5
"Temp1",25,0.00390000000000001,0.234,5
"Temp1",26,0.00383428571428553,0.230057142857132,5
"Temp1",27,0.00389999999999984,0.233999999999991,5
"Temp1",28,0.00392285714285682,0.235371428571409,5
"Temp1",29,0.00389999999999985,0.233999999999991,5
"Temp1",30,0.00385714285714272,0.231428571428563,5
"Temp1",31,0.00378571428571417,0.22714285714285,5
"Temp1",32,0.00389999999999997,0.233999999999998,5
"Temp1",33,0.00380857142857122,0.228514285714273,5
"Temp1",34,0.0037085714285712,0.222514285714272,5
"Temp1",35,0.00371714285714282,0.223028571428569,5
"Temp1",36,0.00378857142857118,0.227314285714271,5
"Temp1",37,0.00369428571428547,0.221657142857128,5
"Temp1",38,0.00481428571428569,0.288857142857141,5
"Temp1",39,0.00196285714285697,0.117771428571418,5
"Temp1",40,0.00322857142857139,0.193714285714283,5
"Temp1",41,0.00405999999999976,0.243599999999985,5
"Temp1",42,0.00371714285714294,0.223028571428576,5
"Temp1",43,0.00364000000000006,0.218400000000004,5
"Temp1",44,0.00382857142857138,0.229714285714283,5
"Temp1",45,0.00343714285714277,0.206228571428566,5
"Temp1",46,0.00341142857142827,0.204685714285696,5
"Temp1",47,0.00351142857142823,0.210685714285694,5
"Temp1",48,0.00334285714285705,0.200571428571423,5
"Temp1",49,0.00342285714285709,0.205371428571425,5
"Temp1",50,0.00374000000000001,0.2244,5
"Temp1",51,0.00344285714285699,0.206571428571419,5
"Temp1",52,0.00358000000000016,0.21480000000001,5
"Temp1",53,0.00338857142857141,0.203314285714285,5
"Temp1",54,0.00336571428571423,0.201942857142854,5
"Temp1",55,0.00358285714285699,0.21497142857142,5
"Temp1",56,0.00338857142857133,0.20331428571428,5
"Temp1",57,0.00368571428571426,0.221142857142856,5
"Temp1",58,0.00339714285714278,0.203828571428567,5
"Temp1",59,0.00319142857142831,0.191485714285699,5
"Temp1",60,0.0034228571428569,0.205371428571414,5
"Temp1",61,0.00323999999999949,0.194399999999969,5
"Temp1",62,0.0032142857142855,0.19285714285713,5
"Temp1",63,0.00319142857142857,0.191485714285714,5
"Temp1",64,0.00325999999999999,0.1956,5
"Temp1",65,0.00312857142857135,0.187714285714281,5
"Temp1",66,0.00323714285714276,0.194228571428565,5
"Temp1",67,0.00290000000000006,0.174000000000004,5
"Temp2",0,0.0012453698025268,0.074722188151608,5
"Temp2",1,0.00150857142857122,0.0905142857142729,5
"Temp2",2,0.0020257142857141,0.121542857142846,5
"Temp2",3,0.00283999999999996,0.170399999999997,5
"Temp2",4,0.00362571428571422,0.217542857142853,5
"Temp2",5,0.00380857142857123,0.228514285714274,5
"Temp2",6,0.00394571428571416,0.23674285714285,5
"Temp2",7,0.00430571428571412,0.258342857142847,5
"Temp2",8,0.00408285714285692,0.244971428571415,5
"Temp2",9,0.00406285714285694,0.243771428571416,5
"Temp2",10,0.00437999999999967,0.26279999999998,5
"Temp2",11,0.00418571428571418,0.251142857142851,5
"Temp2",12,0.00436857142857119,0.262114285714271,5
"Temp2",13,0.00422857142857117,0.25371428571427,5
"Temp2",14,0.00410571428571403,0.246342857142842,5
"Temp2",15,0.00431142857142833,0.2586857142857,5
"Temp2",16,0.00408285714285694,0.244971428571416,5
"Temp2",17,0.004082857142857,0.24497142857142,5
"Temp2",18,0.00419714285714261,0.251828571428556,5
"Temp2",19,0.00408571428571415,0.245142857142849,5
"Temp2",20,0.00403714285714278,0.242228571428567,5
"Temp2",21,0.004082857142857,0.24497142857142,5
"Temp2",22,0.0041971428571427,0.251828571428562,5
"Temp2",23,0.00399142857142863,0.239485714285718,5
"Temp2",24,0.00391428571428572,0.234857142857143,5
"Temp2",25,0.00371714285714277,0.223028571428566,5
"Temp2",26,0.00393428571428536,0.236057142857122,5
"Temp2",27,0.00387714285714283,0.23262857142857,5
"Temp2",28,0.00371714285714285,0.223028571428571,5
"Temp2",29,0.00383142857142835,0.229885714285701,5
"Temp2",30,0.00371714285714285,0.223028571428571,5
"Temp2",31,0.00383142857142849,0.22988571428571,5
"Temp2",32,0.00392285714285692,0.235371428571415,5
"Temp2",33,0.00380857142857102,0.228514285714261,5
"Temp2",34,0.0036714285714286,0.220285714285716,5
"Temp2",35,0.0038399999999999,0.230399999999994,5
"Temp2",36,0.00378571428571408,0.227142857142845,5
"Temp2",37,0.00373142857142847,0.223885714285708,5
"Temp2",38,0.00410571428571407,0.246342857142844,5
"Temp2",39,0.00361714285714258,0.217028571428555,5
"Temp2",40,0.00360571428571417,0.21634285714285,5
"Temp2",41,0.00369428571428562,0.221657142857137,5
"Temp2",42,0.00361714285714295,0.217028571428577,5
"Temp2",43,0.00354857142857135,0.212914285714281,5
"Temp2",44,0.00390285714285707,0.234171428571424,5
"Temp2",45,0.00355714285714277,0.213428571428566,5
"Temp2",46,0.00354857142857141,0.212914285714285,5
"Temp2",47,0.00345999999999991,0.207599999999994,5
"Temp2",48,0.00345714285714258,0.207428571428555,5
"Temp2",49,0.0033885714285714,0.203314285714284,5
"Temp2",50,0.00351142857142858,0.210685714285715,5
"Temp2",51,0.00338857142857122,0.203314285714273,5
"Temp2",52,0.00343428571428587,0.206057142857152,5
"Temp2",53,0.00358857142857122,0.215314285714273,5
"Temp2",54,0.00351142857142871,0.210685714285723,5
"Temp2",55,0.00341142857142835,0.204685714285701,5
"Temp2",56,0.0034742857142857,0.208457142857142,5
"Temp2",57,0.00344285714285713,0.206571428571428,5
"Temp2",58,0.00333428571428568,0.200057142857141,5
"Temp2",59,0.0032971428571427,0.197828571428562,5
"Temp2",60,0.00361714285714293,0.217028571428576,5
"Temp2",61,0.00325142857142825,0.195085714285695,5
"Temp2",62,0.00328571428571414,0.197142857142849,5
"Temp2",63,0.00334285714285713,0.200571428571428,5
"Temp2",64,0.00322857142857144,0.193714285714287,5
"Temp2",65,0.00325999999999967,0.19559999999998,5
"Temp2",66,0.00312285714285711,0.187371428571427,5
"Temp2",67,0.00310000000000002,0.186000000000001,5
"Temp3",0,0.00136538697412004,0.0819232184472023,5
"Temp3",1,0.00184285714285725,0.110571428571435,5
"Temp3",2,0.00227999999999981,0.136799999999988,5
"Temp3",3,0.00285142857142863,0.171085714285718,5
"Temp3",4,0.00345714285714271,0.207428571428563,5
"Temp3",5,0.00379999999999997,0.227999999999998,5
"Temp3",6,0.00399142857142848,0.239485714285709,5
"Temp3",7,0.00419714285714289,0.251828571428574,5
"Temp3",8,0.00422000000000001,0.253200000000001,5
"Temp3",9,0.00412857142857118,0.247714285714271,5
"Temp3",10,0.00403714285714262,0.242228571428557,5
"Temp3",11,0.00408285714285692,0.244971428571415,5
"Temp3",12,0.00424285714285694,0.254571428571416,5
"Temp3",13,0.00419714285714286,0.251828571428571,5
"Temp3",14,0.00419714285714265,0.251828571428559,5
"Temp3",15,0.00419714285714272,0.251828571428563,5
"Temp3",16,0.00412857142857122,0.247714285714273,5
"Temp3",17,0.0042885714285713,0.257314285714278,5
"Temp3",18,0.00421999999999997,0.253199999999998,5
"Temp3",19,0.00412857142857133,0.24771428571428,5
"Temp3",20,0.00415142857142853,0.249085714285712,5
"Temp3",21,0.00404857142857135,0.242914285714281,5
"Temp3",22,0.00396857142857124,0.238114285714274,5
"Temp3",23,0.00405999999999996,0.243599999999998,5
"Temp3",24,0.0039457142857141,0.236742857142846,5
"Temp3",25,0.00401428571428573,0.240857142857144,5
"Temp3",26,0.0035799999999999,0.214799999999994,5
"Temp3",27,0.003945714285714,0.23674285714284,5
"Temp3",28,0.00359428571428557,0.215657142857134,5
"Temp3",29,0.0038399999999999,0.230399999999994,5
"Temp3",30,0.00383142857142846,0.229885714285707,5
"Temp3",31,0.00378571428571408,0.227142857142845,5
"Temp3",32,0.00369428571428564,0.221657142857139,5
"Temp3",33,0.00382285714285688,0.229371428571413,5
"Temp3",34,0.00405999999999989,0.243599999999994,5
"Temp3",35,0.00362571428571399,0.21754285714284,5
"Temp3",36,0.00389999999999994,0.233999999999996,5
"Temp3",37,0.00379999999999967,0.22799999999998,5
"Temp3",38,0.00431142857142818,0.258685714285691,5
"Temp3",39,0.0037714285714285,0.22628571428571,5
"Temp3",40,0.00360285714285715,0.216171428571429,5
"Temp3",41,0.00368571428571419,0.221142857142851,5
"Temp3",42,0.0037142857142853,0.222857142857118,5
"Temp3",43,0.00365142857142861,0.219085714285717,5
"Temp3",44,0.00346571428571411,0.207942857142847,5
"Temp3",45,0.00331142857142833,0.1986857142857,5
"Temp3",46,0.00341999999999996,0.205199999999998,5
"Temp3",47,0.00346571428571419,0.207942857142851,5
"Temp3",48,0.00319714285714267,0.19182857142856,5
"Temp3",49,0.00339999999999962,0.203999999999977,5
"Temp3",50,0.00355714285714257,0.213428571428554,5
"Temp3",51,0.00367142857142836,0.220285714285702,5
"Temp3",52,0.00361714285714287,0.217028571428572,5
"Temp3",53,0.00363999999999976,0.218399999999986,5
"Temp3",54,0.00352571428571383,0.21154285714283,5
"Temp3",55,0.00323714285714279,0.194228571428568,5
"Temp3",56,0.00348000000000003,0.208800000000002,5
"Temp3",57,0.00338857142857148,0.203314285714289,5
"Temp3",58,0.0034428571428571,0.206571428571426,5
"Temp3",59,0.00335428571428541,0.201257142857125,5
"Temp3",60,0.0032599999999997,0.195599999999982,5
"Temp3",61,0.00334285714285695,0.200571428571417,5
"Temp3",62,0.00310285714285701,0.186171428571421,5
"Temp3",63,0.00330857142857097,0.198514285714258,5
"Temp3",64,0.00331142857142854,0.198685714285712,5
"Temp3",65,0.0032857142857143,0.197142857142858,5
"Temp3",66,0.00311428571428572,0.186857142857143,5
"Temp3",67,0.0028900000000003,0.173400000000018,5
"Temp1",0,0.00145055341674695,0.0870332050048172,6
"Temp1",1,0.00218571428571416,0.131142857142849,6
"Temp1",2,0.00298857142857147,0.179314285714288,6
"Temp1",3,0.00344285714285695,0.206571428571417,6
"Temp1",4,0.00385428571428573,0.231257142857144,6
"Temp1",5,0.00399142857142866,0.23948571428572,6
"Temp1",6,0.00421999999999976,0.253199999999986,6
"Temp1",7,0.00419714285714284,0.25182857142857,6
"Temp1",8,0.00700857142857135,0.420514285714281,6
"Temp1",9,0.00359428571428554,0.215657142857132,6
"Temp1",10,0.00404857142857131,0.242914285714279,6
"Temp1",11,0.00413714285714267,0.24822857142856,6
"Temp1",12,0.00414857142857114,0.248914285714268,6
"Temp1",13,0.00428857142857129,0.257314285714278,6
"Temp1",14,0.00431142857142828,0.258685714285697,6
"Temp1",15,0.00410571428571422,0.246342857142853,6
"Temp1",16,0.00428857142857131,0.257314285714279,6
"Temp1",17,0.00419714285714261,0.251828571428557,6
"Temp1",18,0.00405999999999989,0.243599999999994,6
"Temp1",19,0.00405999999999989,0.243599999999993,6
"Temp1",20,0.00403714285714277,0.242228571428566,6
"Temp1",21,0.00401428571428555,0.240857142857133,6
"Temp1",22,0.00391428571428557,0.234857142857134,6
"Temp1",23,0.00403714285714275,0.242228571428565,6
"Temp1",24,0.0042885714285714,0.257314285714284,6
"Temp1",25,0.003945714285714,0.23674285714284,6
"Temp1",26,0.0038314285714284,0.229885714285704,6
"Temp1",27,0.00389999999999972,0.233999999999983,6
"Temp1",28,0.00382857142857113,0.229714285714268,6
"Temp1",29,0.00371714285714253,0.223028571428552,6
"Temp1",30,0.00391428571428549,0.234857142857129,6
"Temp1",31,0.00391428571428566,0.234857142857139,6
"Temp1",32,0.00410571428571424,0.246342857142854,6
"Temp1",33,0.00389999999999987,0.233999999999992,6
"Temp1",34,0.00386857142857118,0.232114285714271,6
"Temp1",35,0.00389999999999972,0.233999999999983,6
"Temp1",36,0.00378571428571393,0.227142857142836,6
"Temp1",37,0.00369428571428558,0.221657142857135,6
"Temp1",38,0.0037771428571428,0.226628571428568,6
"Temp1",39,0.00392285714285721,0.235371428571432,6
"Temp1",40,0.00367428571428557,0.220457142857134,6
"Temp1",41,0.00369428571428551,0.221657142857131,6
"Temp1",42,0.00373142857142834,0.223885714285701,6
"Temp1",43,0.00375428571428537,0.225257142857122,6
"Temp1",44,0.00359428571428571,0.215657142857143,6
"Temp1",45,0.00369428571428582,0.221657142857149,6
"Temp1",46,0.00376285714285683,0.22577142857141,6
"Temp1",47,0.00355714285714268,0.213428571428561,6
"Temp1",48,0.00337714285714252,0.202628571428551,6
"Temp1",49,0.00350285714285731,0.210171428571438,6
"Temp1",50,0.00348857142857102,0.209314285714261,6
"Temp1",51,0.00367142857142854,0.220285714285712,6
"Temp1",52,0.00353714285714286,0.212228571428571,6
"Temp1",53,0.00351142857142838,0.210685714285703,6
"Temp1",54,0.0036485714285713,0.218914285714278,6
"Temp1",55,0.00366285714285714,0.219771428571429,6
"Temp1",56,0.0034342857142857,0.206057142857142,6
"Temp1",57,0.0035714285714285,0.21428571428571,6
"Temp1",58,0.00353428571428549,0.21205714285713,6
"Temp1",59,0.00343428571428557,0.206057142857134,6
"Temp1",60,0.00332857142857107,0.199714285714264,6
"Temp1",61,0.00323714285714289,0.194228571428573,6
"Temp1",62,0.00317142857142836,0.190285714285701,6
"Temp1",63,0.00311428571428542,0.186857142857125,6
"Temp1",64,0.00323999999999945,0.194399999999967,6
"Temp1",65,0.00295428571428538,0.177257142857123,6
"Temp1",66,0.00301999999999993,0.181199999999996,6
"Temp2",0,0.00115315206929761,0.0691891241578563,6
"Temp2",1,0.00159428571428559,0.0956571428571351,6
"Temp2",2,0.00203428571428555,0.122057142857133,6
"Temp2",3,0.00291714285714264,0.175028571428558,6
"Temp2",4,0.0032199999999998,0.193199999999988,6
"Temp2",5,0.00277142857142834,0.1662857142857,6
"Temp2",6,0.00412857142857133,0.24771428571428,6
"Temp2",7,0.00478857142857123,0.287314285714274,6
"Temp2",8,0.00419714285714272,0.251828571428563,6
"Temp2",9,0.00392285714285688,0.235371428571413,6
"Temp2",10,0.00421999999999995,0.253199999999997,6
"Temp2",11,0.00447142857142861,0.268285714285717,6
"Temp2",12,0.00437714285714287,0.262628571428572,6
"Temp2",13,0.00428571428571413,0.257142857142848,6
"Temp2",14,0.00451714285714279,0.271028571428568,6
"Temp2",15,0.00417428571428562,0.250457142857137,6
"Temp2",16,0.00387714285714298,0.232628571428579,6
"Temp2",17,0.0044257142857143,0.265542857142858,6
"Temp2",18,0.00449428571428567,0.26965714285714,6
"Temp2",19,0.00408285714285718,0.244971428571431,6
"Temp2",20,0.00436000000000001,0.261600000000001,6
"Temp2",21,0.00425142857142825,0.255085714285695,6
"Temp2",22,0.00401428571428561,0.240857142857136,6
"Temp2",23,0.00429999999999963,0.257999999999978,6
"Temp2",24,0.0041971428571427,0.251828571428562,6
"Temp2",25,0.00399142857142844,0.239485714285706,6
"Temp2",26,0.00392571428571399,0.235542857142839,6
"Temp2",27,0.00410571428571411,0.246342857142847,6
"Temp2",28,0.004082857142857,0.24497142857142,6
"Temp2",29,0.00378571428571427,0.227142857142856,6
"Temp2",30,0.00413714285714266,0.24822857142856,6
"Temp2",31,0.00415142857142843,0.249085714285706,6
"Temp2",32,0.00369428571428546,0.221657142857128,6
"Temp2",33,0.00379999999999985,0.227999999999991,6
"Temp2",34,0.00390285714285664,0.234171428571398,6
"Temp2",35,0.0041514285714283,0.249085714285698,6
"Temp2",36,0.00383142857142848,0.229885714285709,6
"Temp2",37,0.00379999999999986,0.227999999999991,6
"Temp2",38,0.00389999999999984,0.233999999999991,6
"Temp2",39,0.00385428571428562,0.231257142857137,6
"Temp2",40,0.00387714285714258,0.232628571428555,6
"Temp2",41,0.00389999999999975,0.233999999999985,6
"Temp2",42,0.00387714285714271,0.232628571428563,6
"Temp2",43,0.00372571428571409,0.223542857142845,6
"Temp2",44,0.00376285714285688,0.225771428571413,6
"Temp2",45,0.00377999999999982,0.226799999999989,6
"Temp2",46,0.00378571428571403,0.227142857142842,6
"Temp2",47,0.00360285714285704,0.216171428571422,6
"Temp2",48,0.00362571428571434,0.21754285714286,6
"Temp2",49,0.00357999999999999,0.2148,6
"Temp2",50,0.00344285714285717,0.20657142857143,6
"Temp2",51,0.00367142857142852,0.220285714285711,6
"Temp2",52,0.00362571428571418,0.217542857142851,6
"Temp2",53,0.0031971428571427,0.191828571428562,6
"Temp2",54,0.00341999999999996,0.205199999999998,6
"Temp2",55,0.00345714285714283,0.20742857142857,6
"Temp2",56,0.00341142857142835,0.204685714285701,6
"Temp2",57,0.00331999999999984,0.19919999999999,6
"Temp2",58,0.0032171428571427,0.193028571428562,6
"Temp2",59,0.00324000000000001,0.194400000000001,6
"Temp2",60,0.00281714285714256,0.169028571428553,6
"Temp2",61,0.00270571428571426,0.162342857142856,6
"Temp2",62,0.00221142857142833,0.1326857142857,6
"Temp2",63,0.00522285714285699,0.313371428571419,6
"Temp2",64,0.0036942857142854,0.221657142857124,6
"Temp2",65,0.004082857142857,0.24497142857142,6
"Temp2",66,0.00382000000000005,0.229200000000003,6
"Temp3",0,0.0010777189605389,0.0646631376323337,6
"Temp3",1,0.00143999999999985,0.0863999999999908,6
"Temp3",2,0.0022171428571428,0.133028571428568,6
"Temp3",3,0.00323714285714252,0.194228571428551,6
"Temp3",4,0.00371714285714268,0.223028571428561,6
"Temp3",5,0.00393142857142836,0.235885714285702,6
"Temp3",6,0.00425714285714269,0.255428571428561,6
"Temp3",7,0.00428857142857134,0.25731428571428,6
"Temp3",8,0.0046542857142855,0.27925714285713,6
"Temp3",9,0.00454285714285711,0.272571428571426,6
"Temp3",10,0.00447142857142847,0.268285714285708,6
"Temp3",11,0.00426571428571438,0.255942857142863,6
"Temp3",12,0.00437142857142847,0.262285714285708,6
"Temp3",13,0.00447999999999995,0.268799999999997,6
"Temp3",14,0.00440285714285711,0.264171428571426,6
"Temp3",15,0.0041971428571429,0.251828571428574,6
"Temp3",16,0.00426571428571415,0.255942857142849,6
"Temp3",17,0.00437999999999999,0.262799999999999,6
"Temp3",18,0.00413714285714281,0.248228571428569,6
"Temp3",19,0.0041171428571427,0.247028571428562,6
"Temp3",20,0.00415142857142849,0.24908571428571,6
"Temp3",21,0.00419714285714265,0.251828571428559,6
"Temp3",22,0.00410285714285698,0.246171428571418,6
"Temp3",23,0.00398285714285693,0.238971428571416,6
"Temp3",24,0.00389999999999978,0.233999999999987,6
"Temp3",25,0.00419714285714273,0.251828571428564,6
"Temp3",26,0.00396857142857148,0.238114285714289,6
"Temp3",27,0.00391428571428565,0.234857142857139,6
"Temp3",28,0.00415999999999984,0.24959999999999,6
"Temp3",29,0.00389999999999981,0.233999999999989,6
"Temp3",30,0.00401428571428558,0.240857142857135,6
"Temp3",31,0.0039685714285713,0.238114285714278,6
"Temp3",32,0.00394571428571403,0.236742857142842,6
"Temp3",33,0.00419714285714281,0.251828571428569,6
"Temp3",34,0.00396857142857118,0.238114285714271,6
"Temp3",35,0.00401428571428542,0.240857142857125,6
"Temp3",36,0.00394571428571431,0.236742857142859,6
"Temp3",37,0.00371714285714274,0.223028571428564,6
"Temp3",38,0.00378571428571414,0.227142857142849,6
"Temp3",39,0.00396857142857133,0.23811428571428,6
"Temp3",40,0.00368571428571409,0.221142857142846,6
"Temp3",41,0.00382285714285697,0.229371428571418,6
"Temp3",42,0.00403714285714255,0.242228571428553,6
"Temp3",43,0.00367142857142833,0.2202857142857,6
"Temp3",44,0.0038085714285715,0.22851428571429,6
"Temp3",45,0.00385428571428572,0.231257142857143,6
"Temp3",46,0.00380857142857105,0.228514285714263,6
"Temp3",47,0.00361714285714282,0.217028571428569,6
"Temp3",48,0.00360285714285708,0.216171428571425,6
"Temp3",49,0.00360285714285668,0.216171428571401,6
"Temp3",50,0.00341142857142875,0.204685714285725,6
"Temp3",51,0.00385428571428574,0.231257142857144,6
"Temp3",52,0.00321714285714289,0.193028571428574,6
"Temp3",53,0.00361714285714273,0.217028571428564,6
"Temp3",54,0.00355714285714258,0.213428571428555,6
"Temp3",55,0.00369714285714273,0.221828571428564,6
"Temp3",56,0.0036714285714282,0.220285714285692,6
"Temp3",57,0.00347999999999989,0.208799999999993,6
"Temp3",58,0.00373999999999964,0.224399999999978,6
"Temp3",59,0.00355714285714288,0.213428571428573,6
"Temp3",60,0.0034199999999999,0.205199999999994,6
"Temp3",61,0.00328285714285689,0.196971428571413,6
"Temp3",62,0.00327428571428554,0.196457142857132,6
"Temp3",63,0.00333428571428546,0.200057142857128,6
"Temp3",64,0.00325999999999989,0.195599999999993,6
"Temp3",65,0.00284857142857132,0.170914285714279,6
"Temp3",66,0.00257000000000005,0.154200000000003,6
"Temp1",0,0.00125779036827196,0.0754674220963177,7
"Temp1",1,0.00165428571428554,0.0992571428571322,7
"Temp1",2,0.00235999999999994,0.141599999999997,7
"Temp1",3,0.00319142857142851,0.19148571428571,7
"Temp1",4,0.00371714285714274,0.223028571428565,7
"Temp1",5,0.00392285714285699,0.235371428571419,7
"Temp1",6,0.004082857142857,0.24497142857142,7
"Temp1",7,0.0038085714285713,0.228514285714278,7
"Temp1",8,0.00401428571428565,0.240857142857139,7
"Temp1",9,0.00444857142857122,0.266914285714273,7
"Temp1",10,0.00465428571428592,0.279257142857155,7
"Temp1",11,0.00466285714285711,0.279771428571426,7
"Temp1",12,0.00451428571428579,0.270857142857148,7
"Temp1",13,0.00468571428571408,0.281142857142845,7
"Temp1",14,0.00426571428571394,0.255942857142836,7
"Temp1",15,0.00463142857142842,0.277885714285705,7
"Temp1",16,0.00447999999999989,0.268799999999993,7
"Temp1",17,0.00442571428571414,0.265542857142849,7
"Temp1",18,0.00437714285714289,0.262628571428573,7
"Temp1",19,0.00433428571428567,0.26005714285714,7
"Temp1",20,0.00467714285714247,0.280628571428548,7
"Temp1",21,0.00431142857142834,0.258685714285701,7
"Temp1",22,0.0042885714285713,0.257314285714278,7
"Temp1",23,0.00415142857142827,0.249085714285696,7
"Temp1",24,0.00408285714285697,0.244971428571418,7
"Temp1",25,0.0041971428571427,0.251828571428562,7
"Temp1",26,0.00415142857142839,0.249085714285703,7
"Temp1",27,0.00421999999999979,0.253199999999987,7
"Temp1",28,0.00403714285714288,0.242228571428573,7
"Temp1",29,0.00389999999999987,0.233999999999992,7
"Temp1",30,0.00394857142857149,0.236914285714289,7
"Temp1",31,0.00394571428571422,0.236742857142853,7
"Temp1",32,0.00387714285714287,0.232628571428572,7
"Temp1",33,0.00402285714285711,0.241371428571427,7
"Temp1",34,0.00382285714285716,0.22937142857143,7
"Temp1",35,0.00401428571428555,0.240857142857133,7
"Temp1",36,0.00426285714285706,0.255771428571423,7
"Temp1",37,0.00368571428571424,0.221142857142854,7
"Temp1",38,0.00378571428571415,0.227142857142849,7
"Temp1",39,0.00383142857142833,0.2298857142857,7
"Temp1",40,0.00383142857142838,0.229885714285703,7
"Temp1",41,0.0039628571428569,0.237771428571414,7
"Temp1",42,0.00408285714285688,0.244971428571413,7
"Temp1",43,0.00408285714285694,0.244971428571416,7
"Temp1",44,0.00368571428571398,0.221142857142839,7
"Temp1",45,0.00378571428571416,0.227142857142849,7
"Temp1",46,0.0038399999999998,0.230399999999988,7
"Temp1",47,0.00369428571428557,0.221657142857134,7
"Temp1",48,0.00379999999999963,0.227999999999978,7
"Temp1",49,0.00352571428571396,0.211542857142838,7
"Temp1",50,0.00362571428571398,0.217542857142839,7
"Temp1",51,0.00366285714285719,0.219771428571432,7
"Temp1",52,0.00360571428571396,0.216342857142838,7
"Temp1",53,0.00380000000000009,0.228000000000005,7
"Temp1",54,0.00358000000000005,0.214800000000003,7
"Temp1",55,0.00376285714285724,0.225771428571434,7
"Temp1",56,0.00282000000000004,0.169200000000003,7
"Temp1",57,0.00317142857142832,0.190285714285699,7
"Temp1",58,0.003122857142857,0.18737142857142,7
"Temp1",59,0.0039685714285714,0.238114285714284,7
"Temp1",60,0.00307999999999999,0.184799999999999,7
"Temp1",61,0.00280285714285712,0.168171428571427,7
"Temp1",62,0.00196571428571399,0.117942857142839,7
"Temp1",63,0.00195999999999992,0.117599999999995,7
"Temp1",64,0.00488285714285682,0.292971428571409,7
"Temp2",0,0.0013946175637393,0.0836770538243581,7
"Temp2",1,0.00203428571428549,0.12205714285713,7
"Temp2",2,0.00277142857142844,0.166285714285706,7
"Temp2",3,0.00314571428571415,0.188742857142849,7
"Temp2",4,0.00291714285714268,0.175028571428561,7
"Temp2",5,0.00349142857142839,0.209485714285703,7
"Temp2",6,0.00394571428571426,0.236742857142856,7
"Temp2",7,0.00495142857142843,0.297085714285706,7
"Temp2",8,0.00333714285714259,0.200228571428555,7
"Temp2",9,0.00453714285714259,0.272228571428555,7
"Temp2",10,0.00458571428571416,0.27514285714285,7
"Temp2",11,0.00444857142857138,0.266914285714283,7
"Temp2",12,0.0046085714285714,0.276514285714284,7
"Temp2",13,0.00456285714285694,0.273771428571417,7
"Temp2",14,0.00467714285714272,0.280628571428563,7
"Temp2",15,0.00455999999999993,0.273599999999996,7
"Temp2",16,0.00453999999999986,0.272399999999991,7
"Temp2",17,0.00431714285714271,0.259028571428563,7
"Temp2",18,0.00437999999999993,0.262799999999996,7
"Temp2",19,0.00444857142857122,0.266914285714273,7
"Temp2",20,0.00449428571428538,0.269657142857123,7
"Temp2",21,0.00426571428571416,0.255942857142849,7
"Temp2",22,0.00435714285714269,0.261428571428561,7
"Temp2",23,0.00410571428571408,0.246342857142845,7
"Temp2",24,0.0043114285714284,0.258685714285704,7
"Temp2",25,0.0042885714285713,0.257314285714278,7
"Temp2",26,0.00417428571428566,0.25045714285714,7
"Temp2",27,0.00415142857142847,0.249085714285708,7
"Temp2",28,0.00410571428571426,0.246342857142856,7
"Temp2",29,0.00403428571428555,0.242057142857133,7
"Temp2",30,0.00396857142857142,0.238114285714285,7
"Temp2",31,0.00392285714285708,0.235371428571425,7
"Temp2",32,0.00394571428571426,0.236742857142855,7
"Temp2",33,0.00406285714285718,0.243771428571431,7
"Temp2",34,0.00390000000000001,0.234000000000001,7
"Temp2",35,0.00394571428571423,0.236742857142854,7
"Temp2",36,0.00394571428571401,0.23674285714284,7
"Temp2",37,0.0039371428571429,0.236228571428574,7
"Temp2",38,0.00394571428571416,0.23674285714285,7
"Temp2",39,0.0040142857142857,0.240857142857142,7
"Temp2",40,0.00392285714285698,0.235371428571419,7
"Temp2",41,0.00378571428571427,0.227142857142856,7
"Temp2",42,0.00374285714285702,0.224571428571421,7
"Temp2",43,0.00369428571428578,0.221657142857147,7
"Temp2",44,0.0037399999999997,0.224399999999982,7
"Temp2",45,0.00373142857142852,0.223885714285711,7
"Temp2",46,0.00378571428571409,0.227142857142845,7
"Temp2",47,0.00368857142857113,0.221314285714268,7
"Temp2",48,0.00362571428571423,0.217542857142854,7
"Temp2",49,0.00354857142857142,0.212914285714285,7
"Temp2",50,0.00359428571428551,0.21565714285713,7
"Temp2",51,0.00371999999999985,0.223199999999991,7
"Temp2",52,0.00371999999999994,0.223199999999997,7
"Temp2",53,0.00341142857142816,0.204685714285689,7
"Temp2",54,0.00348000000000009,0.208800000000005,7
"Temp2",55,0.00344285714285722,0.206571428571433,7
"Temp2",56,0.00354857142857147,0.212914285714288,7
"Temp2",57,0.00355714285714283,0.21342857142857,7
"Temp2",58,0.0033742857142857,0.202457142857142,7
"Temp2",59,0.00344285714285682,0.206571428571409,7
"Temp2",60,0.00362857142857135,0.217714285714281,7
"Temp2",61,0.00353428571428572,0.212057142857143,7
"Temp2",62,0.00355714285714272,0.213428571428563,7
"Temp2",63,0.0033771428571428,0.202628571428568,7
"Temp2",64,0.0033999999999996,0.203999999999976,7
"Temp3",0,0.00113994334277627,0.0683966005665765,7
"Temp3",1,0.00157428571428562,0.0944571428571372,7
"Temp3",2,0.00222571428571404,0.133542857142843,7
"Temp3",3,0.00325999999999984,0.195599999999991,7
"Temp3",4,0.00266571428571421,0.159942857142853,7
"Temp3",5,0.00380857142857127,0.228514285714276,7
"Temp3",6,0.0044114285714285,0.26468571428571,7
"Temp3",7,0.00461428571428553,0.276857142857132,7
"Temp3",8,0.00355714285714271,0.213428571428562,7
"Temp3",9,0.00394857142857132,0.236914285714279,7
"Temp3",10,0.00412285714285708,0.247371428571425,7
"Temp3",11,0.00447142857142848,0.268285714285709,7
"Temp3",12,0.00590857142857132,0.354514285714279,7
"Temp3",13,0.00455999999999999,0.2736,7
"Temp3",14,0.00467714285714281,0.280628571428568,7
"Temp3",15,0.00463142857142852,0.277885714285711,7
"Temp3",16,0.00466285714285712,0.279771428571427,7
"Temp3",17,0.00447999999999992,0.268799999999995,7
"Temp3",18,0.0044942857142856,0.269657142857136,7
"Temp3",19,0.00449428571428561,0.269657142857136,7
"Temp3",20,0.0043799999999999,0.262799999999994,7
"Temp3",21,0.00428857142857133,0.25731428571428,7
"Temp3",22,0.00437714285714273,0.262628571428564,7
"Temp3",23,0.00421999999999972,0.253199999999983,7
"Temp3",24,0.0043342857142857,0.260057142857142,7
"Temp3",25,0.00440285714285691,0.264171428571414,7
"Temp3",26,0.0042657142857141,0.255942857142846,7
"Temp3",27,0.00396857142857121,0.238114285714272,7
"Temp3",28,0.00428857142857152,0.257314285714291,7
"Temp3",29,0.00410571428571423,0.246342857142854,7
"Temp3",30,0.00390000000000001,0.234000000000001,7
"Temp3",31,0.00402857142857125,0.241714285714275,7
"Temp3",32,0.00408285714285707,0.244971428571424,7
"Temp3",33,0.00389999999999991,0.233999999999995,7
"Temp3",34,0.00399142857142844,0.239485714285706,7
"Temp3",35,0.00390285714285679,0.234171428571407,7
"Temp3",36,0.00376285714285691,0.225771428571415,7
"Temp3",37,0.00373999999999981,0.224399999999989,7
"Temp3",38,0.00373999999999965,0.224399999999979,7
"Temp3",39,0.00385428571428553,0.231257142857132,7
"Temp3",40,0.0037171428571427,0.223028571428562,7
"Temp3",41,0.00383428571428549,0.230057142857129,7
"Temp3",42,0.00378571428571415,0.227142857142849,7
"Temp3",43,0.00389999999999994,0.233999999999996,7
"Temp3",44,0.00357999999999968,0.214799999999981,7
"Temp3",45,0.00390285714285696,0.234171428571418,7
"Temp3",46,0.00371714285714259,0.223028571428555,7
"Temp3",47,0.00376285714285686,0.225771428571412,7
"Temp3",48,0.00362571428571444,0.217542857142866,7
"Temp3",49,0.00354857142857155,0.212914285714293,7
"Temp3",50,0.00353428571428564,0.212057142857139,7
"Temp3",51,0.00366285714285706,0.219771428571424,7
"Temp3",52,0.00339999999999982,0.203999999999989,7
"Temp3",53,0.00360571428571412,0.216342857142847,7
"Temp3",54,0.00353714285714277,0.212228571428566,7
"Temp3",55,0.00326285714285697,0.195771428571418,7
"Temp3",56,0.0033999999999999,0.203999999999994,7
"Temp3",57,0.00344285714285694,0.206571428571416,7
"Temp3",58,0.00330857142857114,0.198514285714268,7
"Temp3",59,0.00355714285714292,0.213428571428575,7
"Temp3",60,0.00355714285714292,0.213428571428575,7
"Temp3",61,0.00358285714285699,0.21497142857142,7
"Temp3",62,0.00342285714285677,0.205371428571406,7
"Temp3",63,0.00353714285714264,0.212228571428559,7
"Temp3",64,0.00360285714285688,0.216171428571413,7
"Temp1",0,0.00133071841453356,0.0798431048720136,8
"Temp1",1,0.00197999999999991,0.118799999999995,8
"Temp1",2,0.00301142857142833,0.1806857142857,8
"Temp1",3,0.00405999999999987,0.243599999999992,8
"Temp1",4,0.00384857142857144,0.230914285714287,8
"Temp1",5,0.00372571428571415,0.223542857142849,8
"Temp1",6,0.00436857142857135,0.262114285714281,8
"Temp1",7,0.00385428571428569,0.231257142857141,8
"Temp1",8,0.004402857142857,0.26417142857142,8
"Temp1",9,0.00401428571428561,0.240857142857137,8
"Temp1",10,0.00456285714285703,0.273771428571422,8
"Temp1",11,0.00382857142857149,0.229714285714289,8
"Temp1",12,0.00460857142857114,0.276514285714268,8
"Temp1",13,0.0042885714285714,0.257314285714284,8
"Temp1",14,0.00444857142857143,0.266914285714286,8
"Temp1",15,0.00488285714285693,0.292971428571416,8
"Temp1",16,0.00403714285714279,0.242228571428567,8
"Temp1",17,0.00483714285714273,0.290228571428564,8
"Temp1",18,0.00403714285714295,0.242228571428577,8
"Temp1",19,0.00472285714285708,0.283371428571425,8
"Temp1",20,0.00431142857142872,0.258685714285723,8
"Temp1",21,0.00449142857142837,0.269485714285702,8
"Temp1",22,0.00444857142857144,0.266914285714287,8
"Temp1",23,0.00408285714285666,0.2449714285714,8
"Temp1",24,0.00440285714285692,0.264171428571415,8
"Temp1",25,0.00387714285714258,0.232628571428555,8
"Temp1",26,0.00401428571428558,0.240857142857135,8
"Temp1",27,0.0039457142857142,0.236742857142852,8
"Temp1",28,0.00396857142857124,0.238114285714275,8
"Temp1",29,0.0040828571428572,0.244971428571432,8
"Temp1",30,0.00371714285714255,0.223028571428553,8
"Temp1",31,0.00385428571428538,0.231257142857123,8
"Temp1",32,0.00394571428571416,0.236742857142849,8
"Temp1",33,0.00376285714285694,0.225771428571416,8
"Temp1",34,0.00376285714285674,0.225771428571404,8
"Temp1",35,0.00389999999999972,0.233999999999983,8
"Temp1",36,0.00386857142857102,0.232114285714261,8
"Temp1",37,0.00379999999999974,0.227999999999984,8
"Temp1",38,0.00383142857142825,0.229885714285695,8
"Temp1",39,0.00367142857142827,0.220285714285696,8
"Temp1",40,0.00333142857142849,0.199885714285709,8
"Temp1",41,0.00353428571428566,0.21205714285714,8
"Temp1",42,0.00339714285714282,0.203828571428569,8
"Temp1",43,0.00340000000000002,0.204000000000001,8
"Temp1",44,0.0031971428571428,0.191828571428568,8
"Temp1",45,0.00387714285714301,0.232628571428581,8
"Temp1",46,0.00363714285714274,0.218228571428564,8
"Temp1",47,0.00360285714285704,0.216171428571422,8
"Temp1",48,0.00348857142857104,0.209314285714262,8
"Temp1",49,0.0037857142857143,0.227142857142858,8
"Temp1",50,0.00383142857142824,0.229885714285694,8
"Temp1",51,0.00380857142857145,0.228514285714287,8
"Temp1",52,0.00428857142857151,0.257314285714291,8
"Temp1",53,0.00384571428571416,0.23074285714285,8
"Temp1",54,0.00362571428571407,0.217542857142844,8
"Temp1",55,0.00344285714285696,0.206571428571418,8
"Temp1",56,0.00352571428571424,0.211542857142854,8
"Temp1",57,0.00348000000000014,0.208800000000008,8
"Temp1",58,0.00330857142857107,0.198514285714264,8
"Temp1",59,0.00329714285714287,0.197828571428572,8
"Temp1",60,0.00332857142857152,0.199714285714291,8
"Temp1",61,0.00330571428571432,0.198342857142859,8
"Temp1",62,0.00342285714285667,0.205371428571401,8
"Temp1",63,0.00326285714285699,0.195771428571419,8
"Temp1",64,0.00323714285714279,0.194228571428567,8
"Temp1",65,0.00314571428571427,0.188742857142856,8
"Temp1",66,0.00319142857142838,0.191485714285703,8
"Temp1",67,0.00297714285714282,0.178628571428569,8
"Temp1",68,0.00310000000000001,0.186,8
"Temp2",0,0.00109661436829074,0.0657968620974447,8
"Temp2",1,0.00118857142857127,0.0713142857142763,8
"Temp2",2,0.00190571428571423,0.114342857142854,8
"Temp2",3,0.00257714285714282,0.154628571428569,8
"Temp2",4,0.00337428571428551,0.202457142857131,8
"Temp2",5,0.00383142857142835,0.229885714285701,8
"Temp2",6,0.00394571428571414,0.236742857142848,8
"Temp2",7,0.0040828571428569,0.244971428571414,8
"Temp2",8,0.00421999999999995,0.253199999999997,8
"Temp2",9,0.00417428571428568,0.250457142857141,8
"Temp2",10,0.00419714285714272,0.251828571428564,8
"Temp2",11,0.00421999999999992,0.253199999999995,8
"Temp2",12,0.00447999999999993,0.268799999999996,8
"Temp2",13,0.00440285714285709,0.264171428571425,8
"Temp2",14,0.00451714285714293,0.271028571428576,8
"Temp2",15,0.00433428571428577,0.260057142857146,8
"Temp2",16,0.00431142857142847,0.258685714285708,8
"Temp2",17,0.00417428571428559,0.250457142857136,8
"Temp2",18,0.00421999999999969,0.253199999999981,8
"Temp2",19,0.0043114285714284,0.258685714285704,8
"Temp2",20,0.00426571428571419,0.255942857142851,8
"Temp2",21,0.0043199999999998,0.259199999999988,8
"Temp2",22,0.00415142857142845,0.249085714285707,8
"Temp2",23,0.00423714285714276,0.254228571428566,8
"Temp2",24,0.00402571428571402,0.241542857142841,8
"Temp2",25,0.00408571428571417,0.24514285714285,8
"Temp2",26,0.00429714285714285,0.257828571428571,8
"Temp2",27,0.00497428571428555,0.298457142857133,8
"Temp2",28,0.00428857142857131,0.257314285714279,8
"Temp2",29,0.00408285714285716,0.244971428571429,8
"Temp2",30,0.00409714285714248,0.245828571428549,8
"Temp2",31,0.00394571428571409,0.236742857142846,8
"Temp2",32,0.00401428571428555,0.240857142857133,8
"Temp2",33,0.0037399999999999,0.224399999999994,8
"Temp2",34,0.00424285714285702,0.254571428571421,8
"Temp2",35,0.0039714285714284,0.238285714285704,8
"Temp2",36,0.00401428571428561,0.240857142857137,8
"Temp2",37,0.00408285714285694,0.244971428571416,8
"Temp2",38,0.00401428571428562,0.240857142857137,8
"Temp2",39,0.00395428571428557,0.237257142857134,8
"Temp2",40,0.00395714285714294,0.237428571428576,8
"Temp2",41,0.00387714285714265,0.232628571428559,8
"Temp2",42,0.00392857142857137,0.235714285714282,8
"Temp2",43,0.00387714285714274,0.232628571428565,8
"Temp2",44,0.00381142857142821,0.228685714285693,8
"Temp2",45,0.00376285714285702,0.225771428571421,8
"Temp2",46,0.00362571428571409,0.217542857142845,8
"Temp2",47,0.00362571428571406,0.217542857142843,8
"Temp2",48,0.00383428571428564,0.230057142857138,8
"Temp2",49,0.00357142857142833,0.2142857142857,8
"Temp2",50,0.00350285714285722,0.210171428571433,8
"Temp2",51,0.00342000000000021,0.205200000000013,8
"Temp2",52,0.00354857142857128,0.212914285714277,8
"Temp2",53,0.0036257142857143,0.217542857142858,8
"Temp2",54,0.00344285714285696,0.206571428571418,8
"Temp2",55,0.00360571428571412,0.216342857142847,8
"Temp2",56,0.00362571428571403,0.217542857142842,8
"Temp2",57,0.00359428571428557,0.215657142857134,8
"Temp2",58,0.0035142857142859,0.210857142857154,8
"Temp2",59,0.00342000000000003,0.205200000000002,8
"Temp2",60,0.00334285714285715,0.200571428571429,8
"Temp2",61,0.00336571428571436,0.201942857142862,8
"Temp2",62,0.0033514285714285,0.20108571428571,8
"Temp2",63,0.00323714285714273,0.194228571428564,8
"Temp2",64,0.00339714285714278,0.203828571428567,8
"Temp2",65,0.00341142857142846,0.204685714285708,8
"Temp2",66,0.00293999999999984,0.176399999999991,8
"Temp2",67,0.00320571428571448,0.192342857142869,8
"Temp2",68,0.00230000000000082,0.138000000000049,8
"Temp3",0,0.00118579686209768,0.0711478117258607,8
"Temp3",1,0.00144857142857129,0.0869142857142772,8
"Temp3",2,0.00202571428571416,0.121542857142849,8
"Temp3",3,0.00276,0.1656,8
"Temp3",4,0.00353428571428551,0.212057142857131,8
"Temp3",5,0.00408285714285705,0.244971428571423,8
"Temp3",6,0.00417428571428573,0.250457142857144,8
"Temp3",7,0.00433428571428574,0.260057142857144,8
"Temp3",8,0.00433428571428552,0.260057142857131,8
"Temp3",9,0.00422857142857125,0.253714285714275,8
"Temp3",10,0.00453999999999986,0.272399999999991,8
"Temp3",11,0.00428857142857122,0.257314285714273,8
"Temp3",12,0.00438000000000002,0.262800000000001,8
"Temp3",13,0.00437999999999987,0.262799999999992,8
"Temp3",14,0.00433428571428568,0.260057142857141,8
"Temp3",15,0.00435999999999998,0.261599999999999,8
"Temp3",16,0.00431142857142835,0.258685714285701,8
"Temp3",17,0.00419714285714274,0.251828571428564,8
"Temp3",18,0.00431142857142844,0.258685714285707,8
"Temp3",19,0.00419714285714283,0.25182857142857,8
"Temp3",20,0.00421999999999994,0.253199999999996,8
"Temp3",21,0.00419714285714263,0.251828571428558,8
"Temp3",22,0.00411714285714261,0.247028571428557,8
"Temp3",23,0.00421714285714255,0.253028571428553,8
"Temp3",24,0.00404285714285691,0.242571428571414,8
"Temp3",25,0.00389999999999988,0.233999999999993,8
"Temp3",26,0.0041057142857142,0.246342857142852,8
"Temp3",27,0.00394571428571432,0.236742857142859,8
"Temp3",28,0.00402571428571414,0.241542857142849,8
"Temp3",29,0.00406285714285703,0.243771428571422,8
"Temp3",30,0.00387714285714277,0.232628571428566,8
"Temp3",31,0.00412857142857157,0.247714285714294,8
"Temp3",32,0.0038342857142855,0.23005714285713,8
"Temp3",33,0.00401428571428539,0.240857142857124,8
"Temp3",34,0.00378571428571434,0.227142857142861,8
"Temp3",35,0.00398285714285698,0.238971428571419,8
"Temp3",36,0.00400571428571388,0.240342857142833,8
"Temp3",37,0.00394571428571423,0.236742857142854,8
"Temp3",38,0.0040828571428572,0.244971428571432,8
"Temp3",39,0.00387142857142839,0.232285714285704,8
"Temp3",40,0.00394571428571415,0.236742857142849,8
"Temp3",41,0.00382285714285706,0.229371428571423,8
"Temp3",42,0.00387714285714272,0.232628571428563,8
"Temp3",43,0.00387714285714291,0.232628571428575,8
"Temp3",44,0.00362571428571402,0.217542857142841,8
"Temp3",45,0.00380000000000001,0.228000000000001,8
"Temp3",46,0.003548571428571,0.21291428571426,8
"Temp3",47,0.00376285714285705,0.225771428571423,8
"Temp3",48,0.00360285714285691,0.216171428571415,8
"Temp3",49,0.00367428571428561,0.220457142857137,8
"Temp3",50,0.00368571428571394,0.221142857142837,8
"Temp3",51,0.00359428571428565,0.215657142857139,8
"Temp3",52,0.00341142857142836,0.204685714285701,8
"Temp3",53,0.00348857142857137,0.209314285714282,8
"Temp3",54,0.00331142857142843,0.198685714285706,8
"Temp3",55,0.00368571428571426,0.221142857142856,8
"Temp3",56,0.00342285714285694,0.205371428571416,8
"Temp3",57,0.00332857142857127,0.199714285714276,8
"Temp3",58,0.00351142857142866,0.210685714285719,8
"Temp3",59,0.00358285714285673,0.214971428571404,8
"Temp3",60,0.00344285714285722,0.206571428571433,8
"Temp3",61,0.00332857142857124,0.199714285714275,8
"Temp3",62,0.00319142857142831,0.191485714285699,8
"Temp3",63,0.00303142857142843,0.181885714285706,8
"Temp3",64,0.00335142857142841,0.201085714285705,8
"Temp3",65,0.00343428571428568,0.206057142857141,8
"Temp3",66,0.00318285714285722,0.190971428571433,8
"Temp3",67,0.00307714285714304,0.184628571428582,8
"Temp3",68,0.00230000000000082,0.138000000000049,8
